product_id,product_name,ds,y,sales_volume
19,Nike Men's Fingertrap Max Training Shoe,2024-01-30,72,8999.2798488
19,Nike Men's Fingertrap Max Training Shoe,2024-02-12,108,13498.919773200001
19,Nike Men's Fingertrap Max Training Shoe,2024-06-24,12,1499.8799748000001
19,Nike Men's Fingertrap Max Training Shoe,2024-07-03,36,4499.6399244
19,Nike Men's Fingertrap Max Training Shoe,2024-07-14,72,8999.2798488
19,Nike Men's Fingertrap Max Training Shoe,2024-08-20,24,2999.7599496000003
19,Nike Men's Fingertrap Max Training Shoe,2024-08-29,84,10499.1598236
19,Nike Men's Fingertrap Max Training Shoe,2024-08-31,84,10499.1598236
19,Nike Men's Fingertrap Max Training Shoe,2024-09-05,120,14998.799748000001
19,Nike Men's Fingertrap Max Training Shoe,2024-10-11,84,10499.1598236
19,Nike Men's Fingertrap Max Training Shoe,2024-10-12,84,10499.1598236
19,Nike Men's Fingertrap Max Training Shoe,2024-10-25,96,11999.039798400001
19,Nike Men's Fingertrap Max Training Shoe,2024-11-23,72,8999.2798488
19,Nike Men's Fingertrap Max Training Shoe,2024-12-02,120,14998.799748000001
24,Elevation Training Mask 2.0,2024-01-14,48,3839.51989728
24,Elevation Training Mask 2.0,2024-03-15,96,7679.03979456
24,Elevation Training Mask 2.0,2024-05-04,60,4799.399871600001
24,Elevation Training Mask 2.0,2024-06-15,96,7679.03979456
24,Elevation Training Mask 2.0,2024-07-12,36,2879.63992296
24,Elevation Training Mask 2.0,2024-08-25,144,11518.55969184
24,Elevation Training Mask 2.0,2024-09-05,24,1919.75994864
24,Elevation Training Mask 2.0,2024-10-11,36,2879.63992296
24,Elevation Training Mask 2.0,2024-11-17,12,959.87997432
24,Elevation Training Mask 2.0,2024-12-21,12,959.87997432
35,adidas Brazuca 2014 Official Match Ball,2024-02-21,120,19198.80066
35,adidas Brazuca 2014 Official Match Ball,2024-06-20,72,11519.280396
35,adidas Brazuca 2014 Official Match Ball,2024-09-10,120,19198.80066
35,adidas Brazuca 2014 Official Match Ball,2024-10-12,84,13439.160462
37,adidas Kids' F5 Messi FG Soccer Cleat,2024-06-08,108,3778.92018144
37,adidas Kids' F5 Messi FG Soccer Cleat,2024-06-12,12,419.88002015999996
37,adidas Kids' F5 Messi FG Soccer Cleat,2024-06-16,108,3778.92018144
37,adidas Kids' F5 Messi FG Soccer Cleat,2024-07-14,36,1259.6400604799999
37,adidas Kids' F5 Messi FG Soccer Cleat,2024-10-08,108,3778.92018144
37,adidas Kids' F5 Messi FG Soccer Cleat,2024-12-13,96,3359.0401612799997
44,adidas Men's F10 Messi TRX FG Soccer Cleat,2024-02-12,48,2879.52008064
44,adidas Men's F10 Messi TRX FG Soccer Cleat,2024-04-29,24,1439.76004032
44,adidas Men's F10 Messi TRX FG Soccer Cleat,2024-04-30,60,3599.4001008
44,adidas Men's F10 Messi TRX FG Soccer Cleat,2024-05-04,84,5039.16014112
44,adidas Men's F10 Messi TRX FG Soccer Cleat,2024-06-02,48,2879.52008064
44,adidas Men's F10 Messi TRX FG Soccer Cleat,2024-07-01,84,5039.16014112
44,adidas Men's F10 Messi TRX FG Soccer Cleat,2024-08-10,36,2159.64006048
44,adidas Men's F10 Messi TRX FG Soccer Cleat,2024-08-13,48,2879.52008064
44,adidas Men's F10 Messi TRX FG Soccer Cleat,2024-08-16,84,5039.16014112
44,adidas Men's F10 Messi TRX FG Soccer Cleat,2024-09-17,12,719.88002016
44,adidas Men's F10 Messi TRX FG Soccer Cleat,2024-10-13,60,3599.4001008
44,adidas Men's F10 Messi TRX FG Soccer Cleat,2024-11-02,12,719.88002016
44,adidas Men's F10 Messi TRX FG Soccer Cleat,2024-11-13,12,719.88002016
44,adidas Men's F10 Messi TRX FG Soccer Cleat,2024-12-19,72,4319.28012096
58,Diamondback Boys' Insight 24 Performance Hybr,2024-01-24,108,32398.9189416
58,Diamondback Boys' Insight 24 Performance Hybr,2024-06-01,108,32398.9189416
58,Diamondback Boys' Insight 24 Performance Hybr,2024-06-02,108,32398.9189416
58,Diamondback Boys' Insight 24 Performance Hybr,2024-06-26,96,28799.039059200004
58,Diamondback Boys' Insight 24 Performance Hybr,2024-08-25,36,10799.639647200001
58,Diamondback Boys' Insight 24 Performance Hybr,2024-08-30,96,28799.039059200004
58,Diamondback Boys' Insight 24 Performance Hybr,2024-09-20,48,14399.519529600002
58,Diamondback Boys' Insight 24 Performance Hybr,2024-09-24,84,25199.159176800003
58,Diamondback Boys' Insight 24 Performance Hybr,2024-10-15,120,35998.798824000005
58,Diamondback Boys' Insight 24 Performance Hybr,2024-10-21,84,25199.159176800003
58,Diamondback Boys' Insight 24 Performance Hybr,2024-10-28,72,21599.279294400003
58,Diamondback Boys' Insight 24 Performance Hybr,2024-11-06,36,10799.639647200001
58,Diamondback Boys' Insight 24 Performance Hybr,2024-11-16,96,28799.039059200004
58,Diamondback Boys' Insight 24 Performance Hybr,2024-12-25,120,35998.798824000005
60,SOLE E25 Elliptical,2024-06-04,60,59999.399412
60,SOLE E25 Elliptical,2024-06-15,36,35999.6396472
60,SOLE E25 Elliptical,2024-07-07,84,83999.15917679999
60,SOLE E25 Elliptical,2024-08-10,60,59999.399412
60,SOLE E25 Elliptical,2024-09-02,12,11999.8798824
60,SOLE E25 Elliptical,2024-09-12,12,11999.8798824
60,SOLE E25 Elliptical,2024-09-25,12,11999.8798824
60,SOLE E25 Elliptical,2024-11-29,108,107998.9189416
61,Diamondback Girls' Clarity 24 Hybrid Bike 201,2024-05-17,96,28799.039059200004
61,Diamondback Girls' Clarity 24 Hybrid Bike 201,2024-06-18,60,17999.399412000002
61,Diamondback Girls' Clarity 24 Hybrid Bike 201,2024-06-29,84,25199.159176800003
61,Diamondback Girls' Clarity 24 Hybrid Bike 201,2024-07-23,48,14399.519529600002
61,Diamondback Girls' Clarity 24 Hybrid Bike 201,2024-08-09,60,17999.399412000002
61,Diamondback Girls' Clarity 24 Hybrid Bike 201,2024-09-22,36,10799.639647200001
61,Diamondback Girls' Clarity 24 Hybrid Bike 201,2024-10-21,60,17999.399412000002
61,Diamondback Girls' Clarity 24 Hybrid Bike 201,2024-11-17,60,17999.399412000002
61,Diamondback Girls' Clarity 24 Hybrid Bike 201,2024-11-30,36,10799.639647200001
61,Diamondback Girls' Clarity 24 Hybrid Bike 201,2024-12-05,48,14399.519529600002
78,Nike Kids' Grade School KD VI Basketball Shoe,2024-01-27,108,10798.91976888
78,Nike Kids' Grade School KD VI Basketball Shoe,2024-04-30,120,11998.799743200001
78,Nike Kids' Grade School KD VI Basketball Shoe,2024-06-05,24,2399.75994864
78,Nike Kids' Grade School KD VI Basketball Shoe,2024-08-10,84,8399.15982024
78,Nike Kids' Grade School KD VI Basketball Shoe,2024-08-11,120,11998.799743200001
78,Nike Kids' Grade School KD VI Basketball Shoe,2024-10-01,108,10798.91976888
78,Nike Kids' Grade School KD VI Basketball Shoe,2024-11-16,24,2399.75994864
78,Nike Kids' Grade School KD VI Basketball Shoe,2024-12-13,12,1199.87997432
93,Under Armour Men's Tech II T-Shirt,2024-03-13,96,2399.03997792
93,Under Armour Men's Tech II T-Shirt,2024-07-11,36,899.63999172
93,Under Armour Men's Tech II T-Shirt,2024-07-24,24,599.75999448
93,Under Armour Men's Tech II T-Shirt,2024-08-09,12,299.87999724
93,Under Armour Men's Tech II T-Shirt,2024-08-11,48,1199.51998896
93,Under Armour Men's Tech II T-Shirt,2024-08-14,24,599.75999448
93,Under Armour Men's Tech II T-Shirt,2024-10-16,48,1199.51998896
116,Nike Men's Comfort 2 Slide,2024-06-07,60,2699.4001008
116,Nike Men's Comfort 2 Slide,2024-08-11,60,2699.4001008
116,Nike Men's Comfort 2 Slide,2024-08-20,48,2159.52008064
116,Nike Men's Comfort 2 Slide,2024-09-07,24,1079.76004032
116,Nike Men's Comfort 2 Slide,2024-11-16,96,4319.04016128
116,Nike Men's Comfort 2 Slide,2024-11-18,36,1619.6400604799999
116,Nike Men's Comfort 2 Slide,2024-11-29,84,3779.16014112
116,Nike Men's Comfort 2 Slide,2024-12-09,60,2699.4001008
127,Stiga Master Series ST3100 Competition Indoor,2024-05-14,84,27719.159176800003
127,Stiga Master Series ST3100 Competition Indoor,2024-06-01,84,27719.159176800003
127,Stiga Master Series ST3100 Competition Indoor,2024-06-04,84,27719.159176800003
127,Stiga Master Series ST3100 Competition Indoor,2024-08-29,60,19799.399412000002
127,Stiga Master Series ST3100 Competition Indoor,2024-10-12,84,27719.159176800003
127,Stiga Master Series ST3100 Competition Indoor,2024-10-21,48,15839.519529600002
134,Nike Women's Legend V-Neck T-Shirt,2024-07-10,108,2700.0
134,Nike Women's Legend V-Neck T-Shirt,2024-07-23,60,1500.0
134,Nike Women's Legend V-Neck T-Shirt,2024-08-02,24,600.0
134,Nike Women's Legend V-Neck T-Shirt,2024-09-11,72,1800.0
134,Nike Women's Legend V-Neck T-Shirt,2024-09-19,36,900.0
134,Nike Women's Legend V-Neck T-Shirt,2024-09-21,60,1500.0
134,Nike Women's Legend V-Neck T-Shirt,2024-10-11,72,1800.0
134,Nike Women's Legend V-Neck T-Shirt,2024-12-19,24,600.0
135,Nike Dri-FIT Crew Sock 6 Pack,2024-05-10,24,528.0
135,Nike Dri-FIT Crew Sock 6 Pack,2024-09-22,36,792.0
135,Nike Dri-FIT Crew Sock 6 Pack,2024-11-15,120,2640.0
135,Nike Dri-FIT Crew Sock 6 Pack,2024-11-21,84,1848.0
135,Nike Dri-FIT Crew Sock 6 Pack,2024-12-16,36,792.0
172,Nike Women's Tempo Shorts,2024-06-08,48,1440.0
172,Nike Women's Tempo Shorts,2024-06-20,96,2880.0
172,Nike Women's Tempo Shorts,2024-07-31,36,1080.0
172,Nike Women's Tempo Shorts,2024-09-05,60,1800.0
172,Nike Women's Tempo Shorts,2024-09-24,120,3600.0
172,Nike Women's Tempo Shorts,2024-12-09,120,3600.0
191,Nike Men's Free 5.0+ Running Shoe,2024-01-16,12,1199.87997432
191,Nike Men's Free 5.0+ Running Shoe,2024-01-18,48,4799.51989728
191,Nike Men's Free 5.0+ Running Shoe,2024-01-26,24,2399.75994864
191,Nike Men's Free 5.0+ Running Shoe,2024-01-30,24,2399.75994864
191,Nike Men's Free 5.0+ Running Shoe,2024-02-02,60,5999.399871600001
191,Nike Men's Free 5.0+ Running Shoe,2024-02-15,36,3599.63992296
191,Nike Men's Free 5.0+ Running Shoe,2024-03-28,36,3599.63992296
191,Nike Men's Free 5.0+ Running Shoe,2024-04-10,60,5999.399871600001
191,Nike Men's Free 5.0+ Running Shoe,2024-04-27,60,5999.399871600001
191,Nike Men's Free 5.0+ Running Shoe,2024-05-04,72,7199.27984592
191,Nike Men's Free 5.0+ Running Shoe,2024-05-07,120,11998.799743200001
191,Nike Men's Free 5.0+ Running Shoe,2024-05-27,24,2399.75994864
191,Nike Men's Free 5.0+ Running Shoe,2024-05-28,24,2399.75994864
191,Nike Men's Free 5.0+ Running Shoe,2024-05-30,12,1199.87997432
191,Nike Men's Free 5.0+ Running Shoe,2024-06-02,48,4799.51989728
191,Nike Men's Free 5.0+ Running Shoe,2024-06-04,60,5999.399871600001
191,Nike Men's Free 5.0+ Running Shoe,2024-06-07,12,1199.87997432
191,Nike Men's Free 5.0+ Running Shoe,2024-06-15,96,9599.03979456
191,Nike Men's Free 5.0+ Running Shoe,2024-06-20,48,4799.51989728
191,Nike Men's Free 5.0+ Running Shoe,2024-06-21,48,4799.51989728
191,Nike Men's Free 5.0+ Running Shoe,2024-06-22,60,5999.399871600001
191,Nike Men's Free 5.0+ Running Shoe,2024-06-29,12,1199.87997432
191,Nike Men's Free 5.0+ Running Shoe,2024-07-07,36,3599.63992296
191,Nike Men's Free 5.0+ Running Shoe,2024-07-11,12,1199.87997432
191,Nike Men's Free 5.0+ Running Shoe,2024-07-18,48,4799.51989728
191,Nike Men's Free 5.0+ Running Shoe,2024-07-22,48,4799.51989728
191,Nike Men's Free 5.0+ Running Shoe,2024-07-29,60,5999.399871600001
191,Nike Men's Free 5.0+ Running Shoe,2024-08-08,48,4799.51989728
191,Nike Men's Free 5.0+ Running Shoe,2024-08-10,120,11998.799743200001
191,Nike Men's Free 5.0+ Running Shoe,2024-08-14,12,1199.87997432
191,Nike Men's Free 5.0+ Running Shoe,2024-08-17,12,1199.87997432
191,Nike Men's Free 5.0+ Running Shoe,2024-08-19,60,5999.399871600001
191,Nike Men's Free 5.0+ Running Shoe,2024-08-22,48,4799.51989728
191,Nike Men's Free 5.0+ Running Shoe,2024-08-24,48,4799.51989728
191,Nike Men's Free 5.0+ Running Shoe,2024-08-26,60,5999.399871600001
191,Nike Men's Free 5.0+ Running Shoe,2024-08-27,120,11998.799743200001
191,Nike Men's Free 5.0+ Running Shoe,2024-08-28,108,10798.919768880001
191,Nike Men's Free 5.0+ Running Shoe,2024-08-29,12,1199.87997432
191,Nike Men's Free 5.0+ Running Shoe,2024-09-03,48,4799.51989728
191,Nike Men's Free 5.0+ Running Shoe,2024-09-09,120,11998.799743200001
191,Nike Men's Free 5.0+ Running Shoe,2024-09-11,108,10798.919768880001
191,Nike Men's Free 5.0+ Running Shoe,2024-09-12,120,11998.799743200001
191,Nike Men's Free 5.0+ Running Shoe,2024-09-13,12,1199.87997432
191,Nike Men's Free 5.0+ Running Shoe,2024-09-16,60,5999.399871600001
191,Nike Men's Free 5.0+ Running Shoe,2024-09-17,12,1199.87997432
191,Nike Men's Free 5.0+ Running Shoe,2024-10-07,108,10798.919768880001
191,Nike Men's Free 5.0+ Running Shoe,2024-10-12,48,4799.51989728
191,Nike Men's Free 5.0+ Running Shoe,2024-10-13,48,4799.51989728
191,Nike Men's Free 5.0+ Running Shoe,2024-10-15,48,4799.51989728
191,Nike Men's Free 5.0+ Running Shoe,2024-10-22,12,1199.87997432
191,Nike Men's Free 5.0+ Running Shoe,2024-10-23,12,1199.87997432
191,Nike Men's Free 5.0+ Running Shoe,2024-10-27,60,5999.399871600001
191,Nike Men's Free 5.0+ Running Shoe,2024-10-31,24,2399.75994864
191,Nike Men's Free 5.0+ Running Shoe,2024-11-02,108,10798.919768880001
191,Nike Men's Free 5.0+ Running Shoe,2024-11-06,24,2399.75994864
191,Nike Men's Free 5.0+ Running Shoe,2024-11-18,60,5999.399871600001
191,Nike Men's Free 5.0+ Running Shoe,2024-11-21,24,2399.75994864
191,Nike Men's Free 5.0+ Running Shoe,2024-12-02,24,2399.75994864
191,Nike Men's Free 5.0+ Running Shoe,2024-12-08,60,5999.399871600001
191,Nike Men's Free 5.0+ Running Shoe,2024-12-11,24,2399.75994864
191,Nike Men's Free 5.0+ Running Shoe,2024-12-15,60,5999.399871600001
191,Nike Men's Free 5.0+ Running Shoe,2024-12-16,24,2399.75994864
191,Nike Men's Free 5.0+ Running Shoe,2024-12-23,60,5999.399871600001
191,Nike Men's Free 5.0+ Running Shoe,2024-12-25,108,10798.91976888
203,GoPro HERO3+ Black Edition Camera,2024-01-21,108,43198.9189416
203,GoPro HERO3+ Black Edition Camera,2024-06-11,72,28799.279294400003
203,GoPro HERO3+ Black Edition Camera,2024-07-22,12,4799.8798824000005
203,GoPro HERO3+ Black Edition Camera,2024-08-01,60,23999.399412000002
203,GoPro HERO3+ Black Edition Camera,2024-08-19,60,23999.399412000002
203,GoPro HERO3+ Black Edition Camera,2024-10-05,12,4799.8798824000005
203,GoPro HERO3+ Black Edition Camera,2024-10-17,36,14399.639647200001
203,GoPro HERO3+ Black Edition Camera,2024-11-13,120,47998.798824000005
203,GoPro HERO3+ Black Edition Camera,2024-12-01,72,28799.279294400003
203,GoPro HERO3+ Black Edition Camera,2024-12-05,72,28799.279294400003
208,SOLE E35 Elliptical,2024-02-28,12,23999.87988
208,SOLE E35 Elliptical,2024-09-17,84,167999.15916
208,SOLE E35 Elliptical,2024-09-23,72,143999.27928000002
208,SOLE E35 Elliptical,2024-10-21,72,143999.27928000002
216,Yakima DoubleDown Ace Hitch Mount 4-Bike Rack,2024-04-19,120,22680.0
216,Yakima DoubleDown Ace Hitch Mount 4-Bike Rack,2024-06-26,48,9072.0
216,Yakima DoubleDown Ace Hitch Mount 4-Bike Rack,2024-07-07,36,6804.0
216,Yakima DoubleDown Ace Hitch Mount 4-Bike Rack,2024-07-30,84,15876.0
216,Yakima DoubleDown Ace Hitch Mount 4-Bike Rack,2024-08-19,24,4536.0
216,Yakima DoubleDown Ace Hitch Mount 4-Bike Rack,2024-09-24,48,9072.0
226,Bowflex SelectTech 1090 Dumbbells,2024-02-05,84,50399.1591768
226,Bowflex SelectTech 1090 Dumbbells,2024-03-15,60,35999.399412
226,Bowflex SelectTech 1090 Dumbbells,2024-03-22,12,7199.8798824
226,Bowflex SelectTech 1090 Dumbbells,2024-08-02,12,7199.8798824
226,Bowflex SelectTech 1090 Dumbbells,2024-09-17,96,57599.0390592
226,Bowflex SelectTech 1090 Dumbbells,2024-09-25,72,43199.279294399996
226,Bowflex SelectTech 1090 Dumbbells,2024-10-23,48,28799.5195296
226,Bowflex SelectTech 1090 Dumbbells,2024-10-30,48,28799.5195296
226,Bowflex SelectTech 1090 Dumbbells,2024-12-09,36,21599.639647199998
226,Bowflex SelectTech 1090 Dumbbells,2024-12-18,12,7199.8798824
235,Under Armour Hustle Storm Medium Duffle Bag,2024-03-06,72,2519.2801209599997
235,Under Armour Hustle Storm Medium Duffle Bag,2024-06-05,36,1259.6400604799999
235,Under Armour Hustle Storm Medium Duffle Bag,2024-08-01,120,4198.8002016
235,Under Armour Hustle Storm Medium Duffle Bag,2024-08-08,108,3778.92018144
235,Under Armour Hustle Storm Medium Duffle Bag,2024-08-17,24,839.7600403199999
235,Under Armour Hustle Storm Medium Duffle Bag,2024-09-03,48,1679.5200806399998
235,Under Armour Hustle Storm Medium Duffle Bag,2024-09-18,60,2099.4001008
235,Under Armour Hustle Storm Medium Duffle Bag,2024-10-03,120,4198.8002016
235,Under Armour Hustle Storm Medium Duffle Bag,2024-10-15,48,1679.5200806399998
235,Under Armour Hustle Storm Medium Duffle Bag,2024-12-05,96,3359.0401612799997
235,Under Armour Hustle Storm Medium Duffle Bag,2024-12-11,48,1679.5200806399998
235,Under Armour Hustle Storm Medium Duffle Bag,2024-12-16,60,2099.4001008
235,Under Armour Hustle Storm Medium Duffle Bag,2024-12-23,96,3359.0401612799997
249,Under Armour Women's Micro G Skulpt Running S,2024-06-10,12,659.64001464
249,Under Armour Women's Micro G Skulpt Running S,2024-07-18,96,5277.12011712
249,Under Armour Women's Micro G Skulpt Running S,2024-07-24,60,3298.2000732
249,Under Armour Women's Micro G Skulpt Running S,2024-08-18,24,1319.28002928
249,Under Armour Women's Micro G Skulpt Running S,2024-10-30,24,1319.28002928
249,Under Armour Women's Micro G Skulpt Running S,2024-11-24,24,1319.28002928
249,Under Armour Women's Micro G Skulpt Running S,2024-12-19,24,1319.28002928
251,Brooks Women's Ghost 6 Running Shoe,2024-06-23,84,7559.15982024
251,Brooks Women's Ghost 6 Running Shoe,2024-07-02,36,3239.63992296
251,Brooks Women's Ghost 6 Running Shoe,2024-07-22,84,7559.15982024
251,Brooks Women's Ghost 6 Running Shoe,2024-07-23,60,5399.399871600001
251,Brooks Women's Ghost 6 Running Shoe,2024-08-07,96,8639.03979456
251,Brooks Women's Ghost 6 Running Shoe,2024-08-12,36,3239.63992296
251,Brooks Women's Ghost 6 Running Shoe,2024-08-22,60,5399.399871600001
251,Brooks Women's Ghost 6 Running Shoe,2024-08-29,48,4319.51989728
251,Brooks Women's Ghost 6 Running Shoe,2024-12-18,36,3239.63992296
258,Nike Women's Free 5.0 TR FIT PRT 4 Training S,2024-03-04,84,7979.15982024
258,Nike Women's Free 5.0 TR FIT PRT 4 Training S,2024-06-07,36,3419.63992296
258,Nike Women's Free 5.0 TR FIT PRT 4 Training S,2024-06-29,96,9119.03979456
258,Nike Women's Free 5.0 TR FIT PRT 4 Training S,2024-07-21,60,5699.399871600001
258,Nike Women's Free 5.0 TR FIT PRT 4 Training S,2024-08-19,108,10258.91976888
258,Nike Women's Free 5.0 TR FIT PRT 4 Training S,2024-08-22,84,7979.15982024
258,Nike Women's Free 5.0 TR FIT PRT 4 Training S,2024-08-26,60,5699.399871600001
258,Nike Women's Free 5.0 TR FIT PRT 4 Training S,2024-08-29,96,9119.03979456
258,Nike Women's Free 5.0 TR FIT PRT 4 Training S,2024-10-27,120,11398.799743200001
258,Nike Women's Free 5.0 TR FIT PRT 4 Training S,2024-11-18,120,11398.799743200001
258,Nike Women's Free 5.0 TR FIT PRT 4 Training S,2024-12-26,72,6839.27984592
273,Under Armour Kids' Mercenary Slide,2024-01-06,84,2351.15998068
273,Under Armour Kids' Mercenary Slide,2024-01-16,48,1343.51998896
273,Under Armour Kids' Mercenary Slide,2024-02-21,108,3022.91997516
273,Under Armour Kids' Mercenary Slide,2024-04-09,84,2351.15998068
273,Under Armour Kids' Mercenary Slide,2024-06-24,24,671.75999448
273,Under Armour Kids' Mercenary Slide,2024-07-13,12,335.87999724
273,Under Armour Kids' Mercenary Slide,2024-07-27,72,2015.2799834400003
273,Under Armour Kids' Mercenary Slide,2024-08-11,48,1343.51998896
273,Under Armour Kids' Mercenary Slide,2024-08-14,60,1679.3999862
273,Under Armour Kids' Mercenary Slide,2024-08-28,24,671.75999448
273,Under Armour Kids' Mercenary Slide,2024-11-12,60,1679.3999862
273,Under Armour Kids' Mercenary Slide,2024-11-27,48,1343.51998896
276,Under Armour Women's Ignite Slide,2024-01-30,36,1151.6399917200001
276,Under Armour Women's Ignite Slide,2024-04-30,84,2687.15998068
276,Under Armour Women's Ignite Slide,2024-08-07,24,767.75999448
276,Under Armour Women's Ignite Slide,2024-08-08,96,3071.03997792
276,Under Armour Women's Ignite Slide,2024-08-28,96,3071.03997792
276,Under Armour Women's Ignite Slide,2024-09-07,48,1535.51998896
276,Under Armour Women's Ignite Slide,2024-10-04,84,2687.15998068
278,Under Armour Men's Compression EV SL Slide,2024-01-21,36,1619.6400604799999
278,Under Armour Men's Compression EV SL Slide,2024-03-07,48,2159.52008064
278,Under Armour Men's Compression EV SL Slide,2024-08-27,120,5398.8002016
278,Under Armour Men's Compression EV SL Slide,2024-09-20,228,10257.72038304
278,Under Armour Men's Compression EV SL Slide,2024-09-23,12,539.88002016
278,Under Armour Men's Compression EV SL Slide,2024-10-02,12,539.88002016
278,Under Armour Men's Compression EV SL Slide,2024-10-03,24,1079.76004032
278,Under Armour Men's Compression EV SL Slide,2024-10-10,108,4858.92018144
278,Under Armour Men's Compression EV SL Slide,2024-10-13,72,3239.2801209599997
282,Under Armour Women's Ignite PIP VI Slide,2024-03-07,108,3454.91997516
282,Under Armour Women's Ignite PIP VI Slide,2024-06-15,60,1919.3999862
282,Under Armour Women's Ignite PIP VI Slide,2024-06-22,48,1535.51998896
282,Under Armour Women's Ignite PIP VI Slide,2024-07-07,24,767.75999448
282,Under Armour Women's Ignite PIP VI Slide,2024-07-20,12,383.87999724
282,Under Armour Women's Ignite PIP VI Slide,2024-07-24,96,3071.03997792
282,Under Armour Women's Ignite PIP VI Slide,2024-08-19,108,3454.91997516
282,Under Armour Women's Ignite PIP VI Slide,2024-08-22,120,3838.7999724
282,Under Armour Women's Ignite PIP VI Slide,2024-08-31,72,2303.2799834400003
282,Under Armour Women's Ignite PIP VI Slide,2024-09-18,84,2687.15998068
282,Under Armour Women's Ignite PIP VI Slide,2024-10-24,60,1919.3999862
282,Under Armour Women's Ignite PIP VI Slide,2024-11-17,60,1919.3999862
295,Fitbit The One Wireless Activity & Sleep Trac,2024-04-10,84,8395.7997438
295,Fitbit The One Wireless Activity & Sleep Trac,2024-05-16,84,8395.7997438
295,Fitbit The One Wireless Activity & Sleep Trac,2024-06-12,72,7196.3997804
295,Fitbit The One Wireless Activity & Sleep Trac,2024-07-17,96,9595.1997072
295,Fitbit The One Wireless Activity & Sleep Trac,2024-08-11,108,10794.5996706
295,Fitbit The One Wireless Activity & Sleep Trac,2024-09-09,60,5996.999817
295,Fitbit The One Wireless Activity & Sleep Trac,2024-10-20,120,11993.999634
295,Fitbit The One Wireless Activity & Sleep Trac,2024-10-23,48,4797.5998536
295,Fitbit The One Wireless Activity & Sleep Trac,2024-11-19,36,3598.1998902
303,Garmin Forerunner 910XT GPS Watch,2024-02-25,120,47998.798824000005
303,Garmin Forerunner 910XT GPS Watch,2024-06-17,84,33599.1591768
303,Garmin Forerunner 910XT GPS Watch,2024-07-10,60,23999.399412000002
303,Garmin Forerunner 910XT GPS Watch,2024-07-12,12,4799.8798824000005
303,Garmin Forerunner 910XT GPS Watch,2024-07-25,48,19199.519529600002
303,Garmin Forerunner 910XT GPS Watch,2024-08-23,96,38399.039059200004
303,Garmin Forerunner 910XT GPS Watch,2024-09-11,108,43198.9189416
303,Garmin Forerunner 910XT GPS Watch,2024-10-23,48,19199.519529600002
303,Garmin Forerunner 910XT GPS Watch,2024-11-16,36,14399.639647200001
305,Mio ALPHA Heart Rate Monitor/Sport Watch,2024-02-20,96,19104.0
305,Mio ALPHA Heart Rate Monitor/Sport Watch,2024-03-04,120,23880.0
305,Mio ALPHA Heart Rate Monitor/Sport Watch,2024-06-23,120,23880.0
305,Mio ALPHA Heart Rate Monitor/Sport Watch,2024-09-23,72,14328.0
305,Mio ALPHA Heart Rate Monitor/Sport Watch,2024-10-13,60,11940.0
305,Mio ALPHA Heart Rate Monitor/Sport Watch,2024-11-13,36,7164.0
305,Mio ALPHA Heart Rate Monitor/Sport Watch,2024-12-15,108,21492.0
306,Polar FT4 Heart Rate Monitor,2024-05-14,24,2159.75994864
306,Polar FT4 Heart Rate Monitor,2024-06-18,36,3239.63992296
306,Polar FT4 Heart Rate Monitor,2024-07-17,48,4319.51989728
306,Polar FT4 Heart Rate Monitor,2024-07-25,36,3239.63992296
306,Polar FT4 Heart Rate Monitor,2024-07-29,24,2159.75994864
306,Polar FT4 Heart Rate Monitor,2024-08-02,12,1079.87997432
306,Polar FT4 Heart Rate Monitor,2024-08-18,48,4319.51989728
306,Polar FT4 Heart Rate Monitor,2024-09-18,48,4319.51989728
306,Polar FT4 Heart Rate Monitor,2024-09-22,120,10798.799743200001
306,Polar FT4 Heart Rate Monitor,2024-11-11,60,5399.399871600001
306,Polar FT4 Heart Rate Monitor,2024-12-01,48,4319.51989728
306,Polar FT4 Heart Rate Monitor,2024-12-19,48,4319.51989728
311,Polar Loop Activity Tracker,2024-02-12,108,11874.5996652
311,Polar Loop Activity Tracker,2024-04-26,84,9235.799739600001
311,Polar Loop Activity Tracker,2024-06-19,36,3958.1998884
311,Polar Loop Activity Tracker,2024-06-20,36,3958.1998884
311,Polar Loop Activity Tracker,2024-09-05,72,7916.3997768
311,Polar Loop Activity Tracker,2024-09-09,24,2638.7999256000003
359,Nike Men's Free TR 5.0 TB Training Shoe,2024-07-05,12,1199.87997432
359,Nike Men's Free TR 5.0 TB Training Shoe,2024-07-20,24,2399.75994864
359,Nike Men's Free TR 5.0 TB Training Shoe,2024-09-17,48,4799.51989728
359,Nike Men's Free TR 5.0 TB Training Shoe,2024-10-07,48,4799.51989728
359,Nike Men's Free TR 5.0 TB Training Shoe,2024-10-23,120,11998.799743200001
359,Nike Men's Free TR 5.0 TB Training Shoe,2024-11-08,108,10798.91976888
359,Nike Men's Free TR 5.0 TB Training Shoe,2024-11-13,72,7199.27984592
359,Nike Men's Free TR 5.0 TB Training Shoe,2024-12-12,120,11998.799743200001
359,Nike Men's Free TR 5.0 TB Training Shoe,2024-12-13,120,11998.799743200001
364,Total Gym 1400,2024-01-06,48,14399.519529600002
364,Total Gym 1400,2024-08-04,120,35998.798824000005
364,Total Gym 1400,2024-08-08,60,17999.399412000002
364,Total Gym 1400,2024-09-04,60,17999.399412000002
364,Total Gym 1400,2024-09-17,72,21599.279294400003
364,Total Gym 1400,2024-09-19,60,17999.399412000002
364,Total Gym 1400,2024-09-20,12,3599.8798824000005
364,Total Gym 1400,2024-10-16,96,28799.039059200004
364,Total Gym 1400,2024-10-27,60,17999.399412000002
364,Total Gym 1400,2024-12-19,120,35998.798824000005
365,Perfect Fitness Perfect Rip Deck,2024-01-06,60,3599.4001008
365,Perfect Fitness Perfect Rip Deck,2024-01-09,60,3599.4001008
365,Perfect Fitness Perfect Rip Deck,2024-01-11,48,2879.52008064
365,Perfect Fitness Perfect Rip Deck,2024-01-18,48,2879.52008064
365,Perfect Fitness Perfect Rip Deck,2024-01-21,96,5759.04016128
365,Perfect Fitness Perfect Rip Deck,2024-02-04,24,1439.76004032
365,Perfect Fitness Perfect Rip Deck,2024-02-28,60,3599.4001008
365,Perfect Fitness Perfect Rip Deck,2024-03-02,120,7198.8002016
365,Perfect Fitness Perfect Rip Deck,2024-03-06,60,3599.4001008
365,Perfect Fitness Perfect Rip Deck,2024-03-17,60,3599.4001008
365,Perfect Fitness Perfect Rip Deck,2024-03-28,84,5039.16014112
365,Perfect Fitness Perfect Rip Deck,2024-04-01,60,3599.4001008
365,Perfect Fitness Perfect Rip Deck,2024-04-03,60,3599.4001008
365,Perfect Fitness Perfect Rip Deck,2024-04-06,60,3599.4001008
365,Perfect Fitness Perfect Rip Deck,2024-04-25,108,6478.92018144
365,Perfect Fitness Perfect Rip Deck,2024-04-26,12,719.88002016
365,Perfect Fitness Perfect Rip Deck,2024-04-30,60,3599.4001008
365,Perfect Fitness Perfect Rip Deck,2024-05-04,60,3599.4001007999996
365,Perfect Fitness Perfect Rip Deck,2024-05-14,60,3599.4001008
365,Perfect Fitness Perfect Rip Deck,2024-05-17,120,7198.8002016
365,Perfect Fitness Perfect Rip Deck,2024-05-27,120,7198.8002016
365,Perfect Fitness Perfect Rip Deck,2024-06-01,48,2879.52008064
365,Perfect Fitness Perfect Rip Deck,2024-06-02,48,2879.52008064
365,Perfect Fitness Perfect Rip Deck,2024-06-03,60,3599.4001008
365,Perfect Fitness Perfect Rip Deck,2024-06-04,120,7198.8002016
365,Perfect Fitness Perfect Rip Deck,2024-06-07,96,5759.04016128
365,Perfect Fitness Perfect Rip Deck,2024-06-08,48,2879.52008064
365,Perfect Fitness Perfect Rip Deck,2024-06-11,60,3599.4001008
365,Perfect Fitness Perfect Rip Deck,2024-06-16,120,7198.8002016
365,Perfect Fitness Perfect Rip Deck,2024-06-18,144,8638.56024192
365,Perfect Fitness Perfect Rip Deck,2024-06-19,48,2879.52008064
365,Perfect Fitness Perfect Rip Deck,2024-06-21,60,3599.4001008
365,Perfect Fitness Perfect Rip Deck,2024-06-24,108,6478.92018144
365,Perfect Fitness Perfect Rip Deck,2024-06-26,96,5759.04016128
365,Perfect Fitness Perfect Rip Deck,2024-06-27,60,3599.4001008
365,Perfect Fitness Perfect Rip Deck,2024-06-28,12,719.88002016
365,Perfect Fitness Perfect Rip Deck,2024-06-29,12,719.88002016
365,Perfect Fitness Perfect Rip Deck,2024-06-30,48,2879.52008064
365,Perfect Fitness Perfect Rip Deck,2024-07-03,60,3599.4001008
365,Perfect Fitness Perfect Rip Deck,2024-07-05,12,719.88002016
365,Perfect Fitness Perfect Rip Deck,2024-07-06,12,719.88002016
365,Perfect Fitness Perfect Rip Deck,2024-07-07,48,2879.52008064
365,Perfect Fitness Perfect Rip Deck,2024-07-10,12,719.88002016
365,Perfect Fitness Perfect Rip Deck,2024-07-11,60,3599.4001008
365,Perfect Fitness Perfect Rip Deck,2024-07-12,48,2879.52008064
365,Perfect Fitness Perfect Rip Deck,2024-07-14,48,2879.52008064
365,Perfect Fitness Perfect Rip Deck,2024-07-17,60,3599.4001008
365,Perfect Fitness Perfect Rip Deck,2024-07-18,12,719.88002016
365,Perfect Fitness Perfect Rip Deck,2024-07-22,60,3599.4001008
365,Perfect Fitness Perfect Rip Deck,2024-07-23,48,2879.52008064
365,Perfect Fitness Perfect Rip Deck,2024-07-24,60,3599.4001008
365,Perfect Fitness Perfect Rip Deck,2024-07-25,156,9358.44026208
365,Perfect Fitness Perfect Rip Deck,2024-07-26,48,2879.52008064
365,Perfect Fitness Perfect Rip Deck,2024-07-31,48,2879.52008064
365,Perfect Fitness Perfect Rip Deck,2024-08-01,72,4319.28012096
365,Perfect Fitness Perfect Rip Deck,2024-08-02,60,3599.4001008
365,Perfect Fitness Perfect Rip Deck,2024-08-03,48,2879.52008064
365,Perfect Fitness Perfect Rip Deck,2024-08-06,48,2879.52008064
365,Perfect Fitness Perfect Rip Deck,2024-08-07,12,719.88002016
365,Perfect Fitness Perfect Rip Deck,2024-08-08,48,2879.52008064
365,Perfect Fitness Perfect Rip Deck,2024-08-10,60,3599.4001008
365,Perfect Fitness Perfect Rip Deck,2024-08-12,12,719.88002016
365,Perfect Fitness Perfect Rip Deck,2024-08-13,48,2879.52008064
365,Perfect Fitness Perfect Rip Deck,2024-08-14,72,4319.28012096
365,Perfect Fitness Perfect Rip Deck,2024-08-18,12,719.88002016
365,Perfect Fitness Perfect Rip Deck,2024-08-19,108,6478.92018144
365,Perfect Fitness Perfect Rip Deck,2024-08-23,168,10078.32028224
365,Perfect Fitness Perfect Rip Deck,2024-08-24,48,2879.52008064
365,Perfect Fitness Perfect Rip Deck,2024-08-25,120,7198.8002016
365,Perfect Fitness Perfect Rip Deck,2024-08-28,60,3599.4001008
365,Perfect Fitness Perfect Rip Deck,2024-08-29,108,6478.92018144
365,Perfect Fitness Perfect Rip Deck,2024-08-30,12,719.88002016
365,Perfect Fitness Perfect Rip Deck,2024-08-31,48,2879.52008064
365,Perfect Fitness Perfect Rip Deck,2024-09-02,60,3599.4001008
365,Perfect Fitness Perfect Rip Deck,2024-09-04,120,7198.800201599999
365,Perfect Fitness Perfect Rip Deck,2024-09-05,60,3599.4001008
365,Perfect Fitness Perfect Rip Deck,2024-09-06,12,719.88002016
365,Perfect Fitness Perfect Rip Deck,2024-09-08,84,5039.16014112
365,Perfect Fitness Perfect Rip Deck,2024-09-11,60,3599.4001008
365,Perfect Fitness Perfect Rip Deck,2024-09-12,48,2879.52008064
365,Perfect Fitness Perfect Rip Deck,2024-09-13,60,3599.4001008
365,Perfect Fitness Perfect Rip Deck,2024-09-16,60,3599.4001008
365,Perfect Fitness Perfect Rip Deck,2024-09-18,48,2879.52008064
365,Perfect Fitness Perfect Rip Deck,2024-09-20,48,2879.52008064
365,Perfect Fitness Perfect Rip Deck,2024-09-22,156,9358.44026208
365,Perfect Fitness Perfect Rip Deck,2024-09-23,48,2879.52008064
365,Perfect Fitness Perfect Rip Deck,2024-09-27,60,3599.4001008
365,Perfect Fitness Perfect Rip Deck,2024-09-29,48,2879.52008064
365,Perfect Fitness Perfect Rip Deck,2024-10-01,12,719.88002016
365,Perfect Fitness Perfect Rip Deck,2024-10-03,12,719.88002016
365,Perfect Fitness Perfect Rip Deck,2024-10-04,96,5759.04016128
365,Perfect Fitness Perfect Rip Deck,2024-10-07,48,2879.52008064
365,Perfect Fitness Perfect Rip Deck,2024-10-09,60,3599.4001008
365,Perfect Fitness Perfect Rip Deck,2024-10-10,60,3599.4001008
365,Perfect Fitness Perfect Rip Deck,2024-10-13,60,3599.4001007999996
365,Perfect Fitness Perfect Rip Deck,2024-10-14,12,719.88002016
365,Perfect Fitness Perfect Rip Deck,2024-10-16,48,2879.52008064
365,Perfect Fitness Perfect Rip Deck,2024-10-19,60,3599.4001008
365,Perfect Fitness Perfect Rip Deck,2024-10-23,12,719.88002016
365,Perfect Fitness Perfect Rip Deck,2024-11-02,60,3599.4001008
365,Perfect Fitness Perfect Rip Deck,2024-11-03,24,1439.76004032
365,Perfect Fitness Perfect Rip Deck,2024-11-06,204,12237.96034272
365,Perfect Fitness Perfect Rip Deck,2024-11-12,60,3599.4001008
365,Perfect Fitness Perfect Rip Deck,2024-11-13,48,2879.52008064
365,Perfect Fitness Perfect Rip Deck,2024-11-16,72,4319.28012096
365,Perfect Fitness Perfect Rip Deck,2024-11-19,36,2159.64006048
365,Perfect Fitness Perfect Rip Deck,2024-11-21,24,1439.76004032
365,Perfect Fitness Perfect Rip Deck,2024-11-22,12,719.88002016
365,Perfect Fitness Perfect Rip Deck,2024-11-29,60,3599.4001008
365,Perfect Fitness Perfect Rip Deck,2024-12-01,120,7198.8002016
365,Perfect Fitness Perfect Rip Deck,2024-12-05,60,3599.4001008
365,Perfect Fitness Perfect Rip Deck,2024-12-09,60,3599.4001008
365,Perfect Fitness Perfect Rip Deck,2024-12-13,12,719.88002016
365,Perfect Fitness Perfect Rip Deck,2024-12-15,24,1439.76004032
365,Perfect Fitness Perfect Rip Deck,2024-12-20,12,719.88002016
365,Perfect Fitness Perfect Rip Deck,2024-12-26,180,10798.2003024
365,Perfect Fitness Perfect Rip Deck,2026-11-01,950,56990.5
365,Perfect Fitness Perfect Rip Deck,2026-12-05,10,599.9
403,Nike Men's CJ Elite 2 TD Football Cleat,2024-01-26,84,10919.160462
403,Nike Men's CJ Elite 2 TD Football Cleat,2024-06-01,12,1559.880066
403,Nike Men's CJ Elite 2 TD Football Cleat,2024-06-02,12,1559.880066
403,Nike Men's CJ Elite 2 TD Football Cleat,2024-06-04,24,3119.760132
403,Nike Men's CJ Elite 2 TD Football Cleat,2024-06-07,12,1559.880066
403,Nike Men's CJ Elite 2 TD Football Cleat,2024-06-08,36,4679.640198
403,Nike Men's CJ Elite 2 TD Football Cleat,2024-06-10,24,3119.760132
403,Nike Men's CJ Elite 2 TD Football Cleat,2024-06-13,12,1559.880066
403,Nike Men's CJ Elite 2 TD Football Cleat,2024-06-15,72,9359.280396
403,Nike Men's CJ Elite 2 TD Football Cleat,2024-06-17,12,1559.880066
403,Nike Men's CJ Elite 2 TD Football Cleat,2024-06-19,24,3119.760132
403,Nike Men's CJ Elite 2 TD Football Cleat,2024-06-20,24,3119.760132
403,Nike Men's CJ Elite 2 TD Football Cleat,2024-06-26,24,3119.760132
403,Nike Men's CJ Elite 2 TD Football Cleat,2024-06-29,24,3119.760132
403,Nike Men's CJ Elite 2 TD Football Cleat,2024-06-30,12,1559.880066
403,Nike Men's CJ Elite 2 TD Football Cleat,2024-07-02,12,1559.880066
403,Nike Men's CJ Elite 2 TD Football Cleat,2024-07-04,12,1559.880066
403,Nike Men's CJ Elite 2 TD Football Cleat,2024-07-05,24,3119.760132
403,Nike Men's CJ Elite 2 TD Football Cleat,2024-07-06,24,3119.760132
403,Nike Men's CJ Elite 2 TD Football Cleat,2024-07-07,24,3119.760132
403,Nike Men's CJ Elite 2 TD Football Cleat,2024-07-10,84,10919.160462
403,Nike Men's CJ Elite 2 TD Football Cleat,2024-07-13,24,3119.760132
403,Nike Men's CJ Elite 2 TD Football Cleat,2024-07-14,36,4679.640198
403,Nike Men's CJ Elite 2 TD Football Cleat,2024-07-23,12,1559.880066
403,Nike Men's CJ Elite 2 TD Football Cleat,2024-07-24,12,1559.880066
403,Nike Men's CJ Elite 2 TD Football Cleat,2024-07-25,12,1559.880066
403,Nike Men's CJ Elite 2 TD Football Cleat,2024-07-28,12,1559.880066
403,Nike Men's CJ Elite 2 TD Football Cleat,2024-08-01,12,1559.880066
403,Nike Men's CJ Elite 2 TD Football Cleat,2024-08-02,24,3119.760132
403,Nike Men's CJ Elite 2 TD Football Cleat,2024-08-04,24,3119.760132
403,Nike Men's CJ Elite 2 TD Football Cleat,2024-08-05,12,1559.880066
403,Nike Men's CJ Elite 2 TD Football Cleat,2024-08-11,12,1559.880066
403,Nike Men's CJ Elite 2 TD Football Cleat,2024-08-12,12,1559.880066
403,Nike Men's CJ Elite 2 TD Football Cleat,2024-08-13,12,1559.880066
403,Nike Men's CJ Elite 2 TD Football Cleat,2024-08-14,12,1559.880066
403,Nike Men's CJ Elite 2 TD Football Cleat,2024-08-15,12,1559.880066
403,Nike Men's CJ Elite 2 TD Football Cleat,2024-08-16,12,1559.880066
403,Nike Men's CJ Elite 2 TD Football Cleat,2024-08-18,120,15598.800659999999
403,Nike Men's CJ Elite 2 TD Football Cleat,2024-08-19,12,1559.880066
403,Nike Men's CJ Elite 2 TD Football Cleat,2024-08-20,12,1559.880066
403,Nike Men's CJ Elite 2 TD Football Cleat,2024-08-23,12,1559.880066
403,Nike Men's CJ Elite 2 TD Football Cleat,2024-08-24,24,3119.760132
403,Nike Men's CJ Elite 2 TD Football Cleat,2024-08-25,12,1559.880066
403,Nike Men's CJ Elite 2 TD Football Cleat,2024-08-26,12,1559.880066
403,Nike Men's CJ Elite 2 TD Football Cleat,2024-08-29,72,9359.280396
403,Nike Men's CJ Elite 2 TD Football Cleat,2024-08-31,12,1559.880066
403,Nike Men's CJ Elite 2 TD Football Cleat,2024-09-05,24,3119.760132
403,Nike Men's CJ Elite 2 TD Football Cleat,2024-09-06,12,1559.880066
403,Nike Men's CJ Elite 2 TD Football Cleat,2024-09-07,12,1559.880066
403,Nike Men's CJ Elite 2 TD Football Cleat,2024-09-09,108,14038.920594
403,Nike Men's CJ Elite 2 TD Football Cleat,2024-09-10,12,1559.880066
403,Nike Men's CJ Elite 2 TD Football Cleat,2024-09-12,12,1559.880066
403,Nike Men's CJ Elite 2 TD Football Cleat,2024-09-13,12,1559.880066
403,Nike Men's CJ Elite 2 TD Football Cleat,2024-09-14,12,1559.880066
403,Nike Men's CJ Elite 2 TD Football Cleat,2024-09-17,36,4679.640198
403,Nike Men's CJ Elite 2 TD Football Cleat,2024-09-18,24,3119.760132
403,Nike Men's CJ Elite 2 TD Football Cleat,2024-09-19,24,3119.760132
403,Nike Men's CJ Elite 2 TD Football Cleat,2024-09-20,36,4679.640198
403,Nike Men's CJ Elite 2 TD Football Cleat,2024-09-21,48,6239.520264
403,Nike Men's CJ Elite 2 TD Football Cleat,2024-09-22,72,9359.280396
403,Nike Men's CJ Elite 2 TD Football Cleat,2024-09-23,24,3119.760132
403,Nike Men's CJ Elite 2 TD Football Cleat,2024-09-24,24,3119.760132
403,Nike Men's CJ Elite 2 TD Football Cleat,2024-09-29,24,3119.760132
403,Nike Men's CJ Elite 2 TD Football Cleat,2024-10-01,24,3119.760132
403,Nike Men's CJ Elite 2 TD Football Cleat,2024-10-04,12,1559.880066
403,Nike Men's CJ Elite 2 TD Football Cleat,2024-10-05,12,1559.880066
403,Nike Men's CJ Elite 2 TD Football Cleat,2024-10-07,12,1559.880066
403,Nike Men's CJ Elite 2 TD Football Cleat,2024-10-08,12,1559.880066
403,Nike Men's CJ Elite 2 TD Football Cleat,2024-10-10,12,1559.880066
403,Nike Men's CJ Elite 2 TD Football Cleat,2024-10-12,12,1559.880066
403,Nike Men's CJ Elite 2 TD Football Cleat,2024-10-13,24,3119.760132
403,Nike Men's CJ Elite 2 TD Football Cleat,2024-10-14,12,1559.880066
403,Nike Men's CJ Elite 2 TD Football Cleat,2024-10-17,24,3119.760132
403,Nike Men's CJ Elite 2 TD Football Cleat,2024-10-18,12,1559.880066
403,Nike Men's CJ Elite 2 TD Football Cleat,2024-10-20,24,3119.760132
403,Nike Men's CJ Elite 2 TD Football Cleat,2024-10-21,24,3119.760132
403,Nike Men's CJ Elite 2 TD Football Cleat,2024-10-23,12,1559.880066
403,Nike Men's CJ Elite 2 TD Football Cleat,2024-11-07,24,3119.760132
403,Nike Men's CJ Elite 2 TD Football Cleat,2024-11-08,24,3119.760132
403,Nike Men's CJ Elite 2 TD Football Cleat,2024-11-09,12,1559.880066
403,Nike Men's CJ Elite 2 TD Football Cleat,2024-11-11,24,3119.760132
403,Nike Men's CJ Elite 2 TD Football Cleat,2024-11-16,48,6239.520264
403,Nike Men's CJ Elite 2 TD Football Cleat,2024-11-17,24,3119.760132
403,Nike Men's CJ Elite 2 TD Football Cleat,2024-11-18,12,1559.880066
403,Nike Men's CJ Elite 2 TD Football Cleat,2024-11-21,48,6239.520264
403,Nike Men's CJ Elite 2 TD Football Cleat,2024-11-28,12,1559.880066
403,Nike Men's CJ Elite 2 TD Football Cleat,2024-11-29,12,1559.880066
403,Nike Men's CJ Elite 2 TD Football Cleat,2024-12-01,12,1559.880066
403,Nike Men's CJ Elite 2 TD Football Cleat,2024-12-05,12,1559.880066
403,Nike Men's CJ Elite 2 TD Football Cleat,2024-12-06,12,1559.880066
403,Nike Men's CJ Elite 2 TD Football Cleat,2024-12-09,12,1559.880066
403,Nike Men's CJ Elite 2 TD Football Cleat,2024-12-11,12,1559.880066
403,Nike Men's CJ Elite 2 TD Football Cleat,2024-12-13,12,1559.880066
403,Nike Men's CJ Elite 2 TD Football Cleat,2024-12-14,12,1559.880066
403,Nike Men's CJ Elite 2 TD Football Cleat,2024-12-18,12,1559.880066
403,Nike Men's CJ Elite 2 TD Football Cleat,2024-12-20,12,1559.880066
403,Nike Men's CJ Elite 2 TD Football Cleat,2024-12-21,12,1559.880066
403,Nike Men's CJ Elite 2 TD Football Cleat,2024-12-23,24,3119.760132
403,Nike Men's CJ Elite 2 TD Football Cleat,2024-12-25,36,4679.640198
502,Nike Men's Dri-FIT Victory Golf Polo,2024-01-27,24,1200.0
502,Nike Men's Dri-FIT Victory Golf Polo,2024-01-30,60,3000.0
502,Nike Men's Dri-FIT Victory Golf Polo,2024-02-02,60,3000.0
502,Nike Men's Dri-FIT Victory Golf Polo,2024-02-03,72,3600.0
502,Nike Men's Dri-FIT Victory Golf Polo,2024-02-12,48,2400.0
502,Nike Men's Dri-FIT Victory Golf Polo,2024-02-15,96,4800.0
502,Nike Men's Dri-FIT Victory Golf Polo,2024-02-21,24,1200.0
502,Nike Men's Dri-FIT Victory Golf Polo,2024-02-28,60,3000.0
502,Nike Men's Dri-FIT Victory Golf Polo,2024-03-04,60,3000.0
502,Nike Men's Dri-FIT Victory Golf Polo,2024-03-07,24,1200.0
502,Nike Men's Dri-FIT Victory Golf Polo,2024-03-13,60,3000.0
502,Nike Men's Dri-FIT Victory Golf Polo,2024-03-15,108,5400.0
502,Nike Men's Dri-FIT Victory Golf Polo,2024-03-20,24,1200.0
502,Nike Men's Dri-FIT Victory Golf Polo,2024-03-22,24,1200.0
502,Nike Men's Dri-FIT Victory Golf Polo,2024-03-28,36,1800.0
502,Nike Men's Dri-FIT Victory Golf Polo,2024-03-29,36,1800.0
502,Nike Men's Dri-FIT Victory Golf Polo,2024-04-02,60,3000.0
502,Nike Men's Dri-FIT Victory Golf Polo,2024-04-09,24,1200.0
502,Nike Men's Dri-FIT Victory Golf Polo,2024-04-25,36,1800.0
502,Nike Men's Dri-FIT Victory Golf Polo,2024-04-26,36,1800.0
502,Nike Men's Dri-FIT Victory Golf Polo,2024-04-29,60,3000.0
502,Nike Men's Dri-FIT Victory Golf Polo,2024-05-03,60,3000.0
502,Nike Men's Dri-FIT Victory Golf Polo,2024-05-10,120,6000.0
502,Nike Men's Dri-FIT Victory Golf Polo,2024-05-22,24,1200.0
502,Nike Men's Dri-FIT Victory Golf Polo,2024-05-27,60,3000.0
502,Nike Men's Dri-FIT Victory Golf Polo,2024-05-28,60,3000.0
502,Nike Men's Dri-FIT Victory Golf Polo,2024-05-29,60,3000.0
502,Nike Men's Dri-FIT Victory Golf Polo,2024-05-30,24,1200.0
502,Nike Men's Dri-FIT Victory Golf Polo,2024-05-31,12,600.0
502,Nike Men's Dri-FIT Victory Golf Polo,2024-06-05,48,2400.0
502,Nike Men's Dri-FIT Victory Golf Polo,2024-06-07,48,2400.0
502,Nike Men's Dri-FIT Victory Golf Polo,2024-06-08,48,2400.0
502,Nike Men's Dri-FIT Victory Golf Polo,2024-06-12,12,600.0
502,Nike Men's Dri-FIT Victory Golf Polo,2024-06-19,48,2400.0
502,Nike Men's Dri-FIT Victory Golf Polo,2024-06-23,96,4800.0
502,Nike Men's Dri-FIT Victory Golf Polo,2024-06-24,48,2400.0
502,Nike Men's Dri-FIT Victory Golf Polo,2024-06-27,72,3600.0
502,Nike Men's Dri-FIT Victory Golf Polo,2024-06-29,24,1200.0
502,Nike Men's Dri-FIT Victory Golf Polo,2024-07-02,48,2400.0
502,Nike Men's Dri-FIT Victory Golf Polo,2024-07-12,48,2400.0
502,Nike Men's Dri-FIT Victory Golf Polo,2024-07-17,48,2400.0
502,Nike Men's Dri-FIT Victory Golf Polo,2024-07-20,108,5400.0
502,Nike Men's Dri-FIT Victory Golf Polo,2024-07-22,60,3000.0
502,Nike Men's Dri-FIT Victory Golf Polo,2024-07-23,48,2400.0
502,Nike Men's Dri-FIT Victory Golf Polo,2024-07-29,48,2400.0
502,Nike Men's Dri-FIT Victory Golf Polo,2024-07-30,60,3000.0
502,Nike Men's Dri-FIT Victory Golf Polo,2024-07-31,48,2400.0
502,Nike Men's Dri-FIT Victory Golf Polo,2024-08-08,48,2400.0
502,Nike Men's Dri-FIT Victory Golf Polo,2024-08-14,48,2400.0
502,Nike Men's Dri-FIT Victory Golf Polo,2024-08-15,96,4800.0
502,Nike Men's Dri-FIT Victory Golf Polo,2024-08-19,48,2400.0
502,Nike Men's Dri-FIT Victory Golf Polo,2024-08-22,48,2400.0
502,Nike Men's Dri-FIT Victory Golf Polo,2024-08-23,108,5400.0
502,Nike Men's Dri-FIT Victory Golf Polo,2024-08-29,48,2400.0
502,Nike Men's Dri-FIT Victory Golf Polo,2024-09-03,48,2400.0
502,Nike Men's Dri-FIT Victory Golf Polo,2024-09-04,48,2400.0
502,Nike Men's Dri-FIT Victory Golf Polo,2024-09-11,48,2400.0
502,Nike Men's Dri-FIT Victory Golf Polo,2024-09-12,84,4200.0
502,Nike Men's Dri-FIT Victory Golf Polo,2024-09-13,216,10800.0
502,Nike Men's Dri-FIT Victory Golf Polo,2024-09-20,48,2400.0
502,Nike Men's Dri-FIT Victory Golf Polo,2024-09-21,96,4800.0
502,Nike Men's Dri-FIT Victory Golf Polo,2024-09-23,12,600.0
502,Nike Men's Dri-FIT Victory Golf Polo,2024-09-24,48,2400.0
502,Nike Men's Dri-FIT Victory Golf Polo,2024-09-27,48,2400.0
502,Nike Men's Dri-FIT Victory Golf Polo,2024-10-07,48,2400.0
502,Nike Men's Dri-FIT Victory Golf Polo,2024-10-10,48,2400.0
502,Nike Men's Dri-FIT Victory Golf Polo,2024-10-11,96,4800.0
502,Nike Men's Dri-FIT Victory Golf Polo,2024-10-13,12,600.0
502,Nike Men's Dri-FIT Victory Golf Polo,2024-10-14,48,2400.0
502,Nike Men's Dri-FIT Victory Golf Polo,2024-10-15,12,600.0
502,Nike Men's Dri-FIT Victory Golf Polo,2024-10-16,84,4200.0
502,Nike Men's Dri-FIT Victory Golf Polo,2024-10-17,48,2400.0
502,Nike Men's Dri-FIT Victory Golf Polo,2024-10-23,12,600.0
502,Nike Men's Dri-FIT Victory Golf Polo,2024-10-25,24,1200.0
502,Nike Men's Dri-FIT Victory Golf Polo,2024-10-27,60,3000.0
502,Nike Men's Dri-FIT Victory Golf Polo,2024-10-28,24,1200.0
502,Nike Men's Dri-FIT Victory Golf Polo,2024-10-30,24,1200.0
502,Nike Men's Dri-FIT Victory Golf Polo,2024-11-02,48,2400.0
502,Nike Men's Dri-FIT Victory Golf Polo,2024-11-06,120,6000.0
502,Nike Men's Dri-FIT Victory Golf Polo,2024-11-13,24,1200.0
502,Nike Men's Dri-FIT Victory Golf Polo,2024-11-16,48,2400.0
502,Nike Men's Dri-FIT Victory Golf Polo,2024-11-22,60,3000.0
502,Nike Men's Dri-FIT Victory Golf Polo,2024-11-23,60,3000.0
502,Nike Men's Dri-FIT Victory Golf Polo,2024-11-25,24,1200.0
502,Nike Men's Dri-FIT Victory Golf Polo,2024-12-01,60,3000.0
502,Nike Men's Dri-FIT Victory Golf Polo,2024-12-07,60,3000.0
502,Nike Men's Dri-FIT Victory Golf Polo,2024-12-09,24,1200.0
502,Nike Men's Dri-FIT Victory Golf Polo,2024-12-12,120,6000.0
564,Nike Men's Deutschland Weltmeister Winners Bl,2024-05-13,60,1800.0
564,Nike Men's Deutschland Weltmeister Winners Bl,2024-06-27,60,1800.0
564,Nike Men's Deutschland Weltmeister Winners Bl,2024-07-01,12,360.0
564,Nike Men's Deutschland Weltmeister Winners Bl,2024-08-22,12,360.0
564,Nike Men's Deutschland Weltmeister Winners Bl,2024-09-22,72,2160.0
564,Nike Men's Deutschland Weltmeister Winners Bl,2024-10-01,48,1440.0
564,Nike Men's Deutschland Weltmeister Winners Bl,2024-10-13,60,1800.0
564,Nike Men's Deutschland Weltmeister Winners Bl,2024-11-02,24,720.0
565,adidas Youth Germany Black/Red Away Match Soc,2024-01-27,12,840.0
565,adidas Youth Germany Black/Red Away Match Soc,2024-01-30,24,1680.0
565,adidas Youth Germany Black/Red Away Match Soc,2024-03-28,60,4200.0
565,adidas Youth Germany Black/Red Away Match Soc,2024-05-07,60,4200.0
565,adidas Youth Germany Black/Red Away Match Soc,2024-06-09,72,5040.0
565,adidas Youth Germany Black/Red Away Match Soc,2024-06-20,72,5040.0
565,adidas Youth Germany Black/Red Away Match Soc,2024-06-24,60,4200.0
565,adidas Youth Germany Black/Red Away Match Soc,2024-07-24,48,3360.0
565,adidas Youth Germany Black/Red Away Match Soc,2024-08-02,72,5040.0
565,adidas Youth Germany Black/Red Away Match Soc,2024-08-23,48,3360.0
565,adidas Youth Germany Black/Red Away Match Soc,2024-08-29,36,2520.0
565,adidas Youth Germany Black/Red Away Match Soc,2024-09-30,24,1680.0
565,adidas Youth Germany Black/Red Away Match Soc,2024-10-13,96,6720.0
565,adidas Youth Germany Black/Red Away Match Soc,2024-11-30,108,7560.0
567,adidas Men's Germany Black Crest Away Tee,2024-01-16,72,1800.0
567,adidas Men's Germany Black Crest Away Tee,2024-05-04,36,900.0
567,adidas Men's Germany Black Crest Away Tee,2024-05-22,108,2700.0
567,adidas Men's Germany Black Crest Away Tee,2024-05-29,48,1200.0
567,adidas Men's Germany Black Crest Away Tee,2024-06-01,60,1500.0
567,adidas Men's Germany Black Crest Away Tee,2024-06-04,24,600.0
567,adidas Men's Germany Black Crest Away Tee,2024-08-20,96,2400.0
567,adidas Men's Germany Black Crest Away Tee,2024-08-23,36,900.0
567,adidas Men's Germany Black Crest Away Tee,2024-10-05,84,2100.0
572,TYR Boys' Team Digi Jammer,2024-01-14,84,3359.16014112
572,TYR Boys' Team Digi Jammer,2024-02-21,60,2399.4001008
572,TYR Boys' Team Digi Jammer,2024-02-28,12,479.88002015999996
572,TYR Boys' Team Digi Jammer,2024-04-29,24,959.7600403199999
572,TYR Boys' Team Digi Jammer,2024-05-10,120,4798.8002016
572,TYR Boys' Team Digi Jammer,2024-06-01,120,4798.8002016
572,TYR Boys' Team Digi Jammer,2024-06-16,36,1439.6400604799999
572,TYR Boys' Team Digi Jammer,2024-06-20,60,2399.4001008
572,TYR Boys' Team Digi Jammer,2024-08-19,60,2399.4001008
572,TYR Boys' Team Digi Jammer,2024-08-28,36,1439.6400604799999
572,TYR Boys' Team Digi Jammer,2024-11-03,60,2399.4001008
572,TYR Boys' Team Digi Jammer,2024-11-24,120,4798.8002016
572,TYR Boys' Team Digi Jammer,2024-12-01,72,2879.2801209599997
572,TYR Boys' Team Digi Jammer,2024-12-21,72,2879.2801209599997
607,Garmin Approach S3 Golf GPS Watch,2024-02-03,48,11999.520263999999
607,Garmin Approach S3 Golf GPS Watch,2024-05-17,96,23999.040527999998
607,Garmin Approach S3 Golf GPS Watch,2024-06-10,24,5999.760131999999
607,Garmin Approach S3 Golf GPS Watch,2024-06-14,36,8999.640198
607,Garmin Approach S3 Golf GPS Watch,2024-08-19,108,26998.920594
607,Garmin Approach S3 Golf GPS Watch,2024-08-26,24,5999.760131999999
607,Garmin Approach S3 Golf GPS Watch,2024-08-29,24,5999.760131999999
607,Garmin Approach S3 Golf GPS Watch,2024-09-16,60,14999.40033
607,Garmin Approach S3 Golf GPS Watch,2024-10-08,96,23999.040527999998
625,Nike Men's Kobe IX Elite Low Basketball Shoe,2024-01-17,48,9599.520263999999
625,Nike Men's Kobe IX Elite Low Basketball Shoe,2024-01-21,12,2399.8800659999997
625,Nike Men's Kobe IX Elite Low Basketball Shoe,2024-06-22,24,4799.760131999999
625,Nike Men's Kobe IX Elite Low Basketball Shoe,2024-08-01,24,4799.760131999999
625,Nike Men's Kobe IX Elite Low Basketball Shoe,2024-08-05,84,16799.160462
625,Nike Men's Kobe IX Elite Low Basketball Shoe,2024-08-09,84,16799.160462
625,Nike Men's Kobe IX Elite Low Basketball Shoe,2024-09-03,48,9599.520263999999
625,Nike Men's Kobe IX Elite Low Basketball Shoe,2024-09-05,72,14399.280396
625,Nike Men's Kobe IX Elite Low Basketball Shoe,2024-10-12,120,23998.80066
625,Nike Men's Kobe IX Elite Low Basketball Shoe,2024-11-15,36,7199.640198
625,Nike Men's Kobe IX Elite Low Basketball Shoe,2024-12-12,60,11999.40033
627,Under Armour Girls' Toddler Spine Surge Runni,2024-01-06,24,959.7600403199999
627,Under Armour Girls' Toddler Spine Surge Runni,2024-01-09,96,3839.0401612799997
627,Under Armour Girls' Toddler Spine Surge Runni,2024-01-15,60,2399.4001008
627,Under Armour Girls' Toddler Spine Surge Runni,2024-01-21,60,2399.4001008
627,Under Armour Girls' Toddler Spine Surge Runni,2024-01-27,84,3359.16014112
627,Under Armour Girls' Toddler Spine Surge Runni,2024-02-05,60,2399.4001008
627,Under Armour Girls' Toddler Spine Surge Runni,2024-02-20,24,959.7600403199999
627,Under Armour Girls' Toddler Spine Surge Runni,2024-02-22,60,2399.4001008
627,Under Armour Girls' Toddler Spine Surge Runni,2024-02-25,60,2399.4001008
627,Under Armour Girls' Toddler Spine Surge Runni,2024-02-28,60,2399.4001008
627,Under Armour Girls' Toddler Spine Surge Runni,2024-03-10,24,959.7600403199999
627,Under Armour Girls' Toddler Spine Surge Runni,2024-03-28,84,3359.16014112
627,Under Armour Girls' Toddler Spine Surge Runni,2024-04-03,60,2399.4001008
627,Under Armour Girls' Toddler Spine Surge Runni,2024-04-09,24,959.7600403199999
627,Under Armour Girls' Toddler Spine Surge Runni,2024-04-10,36,1439.6400604799999
627,Under Armour Girls' Toddler Spine Surge Runni,2024-04-19,24,959.7600403199999
627,Under Armour Girls' Toddler Spine Surge Runni,2024-04-25,84,3359.16014112
627,Under Armour Girls' Toddler Spine Surge Runni,2024-05-03,48,1919.5200806399998
627,Under Armour Girls' Toddler Spine Surge Runni,2024-05-04,24,959.7600403199999
627,Under Armour Girls' Toddler Spine Surge Runni,2024-05-06,60,2399.4001008
627,Under Armour Girls' Toddler Spine Surge Runni,2024-05-07,108,4318.92018144
627,Under Armour Girls' Toddler Spine Surge Runni,2024-06-11,84,3359.16014112
627,Under Armour Girls' Toddler Spine Surge Runni,2024-06-12,48,1919.5200806399998
627,Under Armour Girls' Toddler Spine Surge Runni,2024-06-16,12,479.88002015999996
627,Under Armour Girls' Toddler Spine Surge Runni,2024-06-22,48,1919.5200806399998
627,Under Armour Girls' Toddler Spine Surge Runni,2024-06-27,48,1919.5200806399998
627,Under Armour Girls' Toddler Spine Surge Runni,2024-07-02,48,1919.5200806399998
627,Under Armour Girls' Toddler Spine Surge Runni,2024-07-12,48,1919.5200806399998
627,Under Armour Girls' Toddler Spine Surge Runni,2024-07-14,48,1919.5200806399998
627,Under Armour Girls' Toddler Spine Surge Runni,2024-07-18,12,479.88002015999996
627,Under Armour Girls' Toddler Spine Surge Runni,2024-07-21,48,1919.5200806399998
627,Under Armour Girls' Toddler Spine Surge Runni,2024-08-03,36,1439.6400604799999
627,Under Armour Girls' Toddler Spine Surge Runni,2024-08-10,48,1919.5200806399998
627,Under Armour Girls' Toddler Spine Surge Runni,2024-08-12,48,1919.5200806399998
627,Under Armour Girls' Toddler Spine Surge Runni,2024-08-17,48,1919.5200806399998
627,Under Armour Girls' Toddler Spine Surge Runni,2024-08-19,48,1919.5200806399998
627,Under Armour Girls' Toddler Spine Surge Runni,2024-08-29,72,2879.2801209599997
627,Under Armour Girls' Toddler Spine Surge Runni,2024-09-04,36,1439.6400604799999
627,Under Armour Girls' Toddler Spine Surge Runni,2024-09-12,48,1919.5200806399998
627,Under Armour Girls' Toddler Spine Surge Runni,2024-09-13,48,1919.5200806399998
627,Under Armour Girls' Toddler Spine Surge Runni,2024-09-22,120,4798.8002016
627,Under Armour Girls' Toddler Spine Surge Runni,2024-09-23,48,1919.5200806399998
627,Under Armour Girls' Toddler Spine Surge Runni,2024-10-01,24,959.7600403199999
627,Under Armour Girls' Toddler Spine Surge Runni,2024-10-04,12,479.88002015999996
627,Under Armour Girls' Toddler Spine Surge Runni,2024-10-08,12,479.88002015999996
627,Under Armour Girls' Toddler Spine Surge Runni,2024-10-10,72,2879.2801209599997
627,Under Armour Girls' Toddler Spine Surge Runni,2024-10-12,12,479.88002015999996
627,Under Armour Girls' Toddler Spine Surge Runni,2024-11-11,48,1919.5200806399998
627,Under Armour Girls' Toddler Spine Surge Runni,2024-11-15,60,2399.4001008
627,Under Armour Girls' Toddler Spine Surge Runni,2024-11-17,60,2399.4001008
627,Under Armour Girls' Toddler Spine Surge Runni,2024-11-20,60,2399.4001008
627,Under Armour Girls' Toddler Spine Surge Runni,2024-11-27,24,959.7600403199999
627,Under Armour Girls' Toddler Spine Surge Runni,2024-11-30,36,1439.6400604799999
627,Under Armour Girls' Toddler Spine Surge Runni,2024-12-01,108,4318.92018144
627,Under Armour Girls' Toddler Spine Surge Runni,2024-12-13,24,959.7600403199999
627,Under Armour Girls' Toddler Spine Surge Runni,2024-12-21,60,2399.4001008
627,Under Armour Girls' Toddler Spine Surge Runni,2024-12-26,60,2399.4001008
627,Under Armour Girls' Toddler Spine Surge Runni,2026-11-20,2,79.98
642,Columbia Men's PFG Anchor Tough T-Shirt,2024-02-28,84,2520.0
642,Columbia Men's PFG Anchor Tough T-Shirt,2024-03-20,12,360.0
642,Columbia Men's PFG Anchor Tough T-Shirt,2024-07-17,48,1440.0
642,Columbia Men's PFG Anchor Tough T-Shirt,2024-08-19,48,1440.0
642,Columbia Men's PFG Anchor Tough T-Shirt,2024-12-06,108,3240.0
642,Columbia Men's PFG Anchor Tough T-Shirt,2024-12-13,108,3240.0
642,Columbia Men's PFG Anchor Tough T-Shirt,2024-12-16,60,1800.0
646,Merrell Women's Grassbow Sport Hiking Shoe,2024-05-27,84,8399.15982024
646,Merrell Women's Grassbow Sport Hiking Shoe,2024-06-19,12,1199.87997432
646,Merrell Women's Grassbow Sport Hiking Shoe,2024-07-06,108,10798.91976888
646,Merrell Women's Grassbow Sport Hiking Shoe,2024-07-18,120,11998.799743200001
646,Merrell Women's Grassbow Sport Hiking Shoe,2024-08-10,48,4799.51989728
646,Merrell Women's Grassbow Sport Hiking Shoe,2024-08-15,12,1199.87997432
647,Merrell Women's Siren Mid Waterproof Hiking B,2024-06-02,72,9719.280396
647,Merrell Women's Siren Mid Waterproof Hiking B,2024-06-28,12,1619.880066
647,Merrell Women's Siren Mid Waterproof Hiking B,2024-09-04,120,16198.800659999999
647,Merrell Women's Siren Mid Waterproof Hiking B,2024-09-12,36,4859.640198
647,Merrell Women's Siren Mid Waterproof Hiking B,2024-10-13,96,12959.040528
647,Merrell Women's Siren Mid Waterproof Hiking B,2024-11-27,24,3239.760132
647,Merrell Women's Siren Mid Waterproof Hiking B,2024-12-06,96,12959.040528
647,Merrell Women's Siren Mid Waterproof Hiking B,2024-12-25,108,14578.920594
652,Merrell Women's Grassbow Sport Waterproof Hik,2024-01-21,120,15598.800659999999
652,Merrell Women's Grassbow Sport Waterproof Hik,2024-04-03,72,9359.280396
652,Merrell Women's Grassbow Sport Waterproof Hik,2024-06-19,84,10919.160462
652,Merrell Women's Grassbow Sport Waterproof Hik,2024-11-16,96,12479.040528
652,Merrell Women's Grassbow Sport Waterproof Hik,2024-12-11,96,12479.040528
666,Merrell Men's All Out Flash Trail Running Sho,2024-01-16,96,10559.039798400001
666,Merrell Men's All Out Flash Trail Running Sho,2024-06-10,60,6599.399874000001
666,Merrell Men's All Out Flash Trail Running Sho,2024-06-22,48,5279.5198992000005
666,Merrell Men's All Out Flash Trail Running Sho,2024-07-10,72,7919.279848800001
666,Merrell Men's All Out Flash Trail Running Sho,2024-09-05,72,7919.279848800001
666,Merrell Men's All Out Flash Trail Running Sho,2024-09-07,60,6599.399874000001
666,Merrell Men's All Out Flash Trail Running Sho,2024-10-07,36,3959.6399244000004
666,Merrell Men's All Out Flash Trail Running Sho,2024-10-14,60,6599.399874000001
671,Cleveland Golf Collegiate My Custom Wedge 588,2024-05-06,96,20159.040527999998
671,Cleveland Golf Collegiate My Custom Wedge 588,2024-05-22,24,5039.760131999999
671,Cleveland Golf Collegiate My Custom Wedge 588,2024-06-15,12,2519.8800659999997
671,Cleveland Golf Collegiate My Custom Wedge 588,2024-08-10,48,10079.520263999999
671,Cleveland Golf Collegiate My Custom Wedge 588,2024-08-25,84,17639.160462
671,Cleveland Golf Collegiate My Custom Wedge 588,2024-09-14,108,22678.920594
671,Cleveland Golf Collegiate My Custom Wedge 588,2024-09-16,108,22678.920594
671,Cleveland Golf Collegiate My Custom Wedge 588,2024-10-15,96,20159.040527999998
671,Cleveland Golf Collegiate My Custom Wedge 588,2024-10-18,96,20159.040527999998
671,Cleveland Golf Collegiate My Custom Wedge 588,2024-10-19,24,5039.760131999999
671,Cleveland Golf Collegiate My Custom Wedge 588,2024-11-29,96,20159.040527999998
671,Cleveland Golf Collegiate My Custom Wedge 588,2024-12-14,84,17639.160462
677,TaylorMade White Smoke IN-12 Putter,2024-03-28,108,10798.91976888
677,TaylorMade White Smoke IN-12 Putter,2024-07-12,36,3599.63992296
677,TaylorMade White Smoke IN-12 Putter,2024-07-31,60,5999.399871600001
677,TaylorMade White Smoke IN-12 Putter,2024-08-19,84,8399.15982024
677,TaylorMade White Smoke IN-12 Putter,2024-08-24,120,11998.799743200001
677,TaylorMade White Smoke IN-12 Putter,2024-08-29,12,1199.87997432
677,TaylorMade White Smoke IN-12 Putter,2024-11-06,72,7199.27984592
691,MDGolf Pittsburgh Penguins Putter,2024-07-23,48,3839.51989728
691,MDGolf Pittsburgh Penguins Putter,2024-08-04,60,4799.399871600001
691,MDGolf Pittsburgh Penguins Putter,2024-08-26,48,3839.51989728
691,MDGolf Pittsburgh Penguins Putter,2024-09-11,24,1919.75994864
691,MDGolf Pittsburgh Penguins Putter,2024-10-02,108,8638.91976888
691,MDGolf Pittsburgh Penguins Putter,2024-10-11,36,2879.63992296
691,MDGolf Pittsburgh Penguins Putter,2024-11-06,60,4799.399871600001
691,MDGolf Pittsburgh Penguins Putter,2024-11-09,84,6719.15982024
691,MDGolf Pittsburgh Penguins Putter,2024-12-15,72,5759.27984592
703,Top Flite Women's 2014 XL Hybrid,2024-03-21,60,1199.3999862
703,Top Flite Women's 2014 XL Hybrid,2024-08-10,12,239.87999724000002
703,Top Flite Women's 2014 XL Hybrid,2024-11-29,72,1439.27998344
703,Top Flite Women's 2014 XL Hybrid,2024-12-09,12,239.87999724000002
705,Cleveland Golf Women's 588 RTX CB Satin Chrom,2024-01-30,108,12958.919773200001
705,Cleveland Golf Women's 588 RTX CB Satin Chrom,2024-08-18,12,1439.8799748000001
705,Cleveland Golf Women's 588 RTX CB Satin Chrom,2024-10-25,72,8639.2798488
705,Cleveland Golf Women's 588 RTX CB Satin Chrom,2024-12-06,72,8639.2798488
715,TaylorMade Women's RBZ SL Rescue,2024-03-13,108,14038.920594
715,TaylorMade Women's RBZ SL Rescue,2024-04-02,96,12479.040528
715,TaylorMade Women's RBZ SL Rescue,2024-04-09,108,14038.920594
715,TaylorMade Women's RBZ SL Rescue,2024-04-25,96,12479.040528
715,TaylorMade Women's RBZ SL Rescue,2024-05-31,60,7799.4003299999995
715,TaylorMade Women's RBZ SL Rescue,2024-07-07,24,3119.760132
715,TaylorMade Women's RBZ SL Rescue,2024-09-13,48,6239.520264
715,TaylorMade Women's RBZ SL Rescue,2024-09-24,96,12479.040528
715,TaylorMade Women's RBZ SL Rescue,2024-09-29,60,7799.4003299999995
715,TaylorMade Women's RBZ SL Rescue,2024-10-11,60,7799.4003299999995
715,TaylorMade Women's RBZ SL Rescue,2024-11-08,96,12479.040528
715,TaylorMade Women's RBZ SL Rescue,2024-12-26,84,10919.160462
724,LIJA Women's Mid-Length Panel Golf Shorts,2024-01-18,84,8400.0
724,LIJA Women's Mid-Length Panel Golf Shorts,2024-01-30,36,3600.0
724,LIJA Women's Mid-Length Panel Golf Shorts,2024-06-30,36,3600.0
724,LIJA Women's Mid-Length Panel Golf Shorts,2024-07-02,72,7200.0
724,LIJA Women's Mid-Length Panel Golf Shorts,2024-07-25,48,4800.0
724,LIJA Women's Mid-Length Panel Golf Shorts,2024-09-19,108,10800.0
724,LIJA Women's Mid-Length Panel Golf Shorts,2024-09-23,36,3600.0
724,LIJA Women's Mid-Length Panel Golf Shorts,2024-09-29,108,10800.0
724,LIJA Women's Mid-Length Panel Golf Shorts,2024-11-08,36,3600.0
724,LIJA Women's Mid-Length Panel Golf Shorts,2024-12-26,108,10800.0
725,LIJA Women's Button Golf Dress,2024-04-25,84,9072.0
725,LIJA Women's Button Golf Dress,2024-05-08,84,9072.0
725,LIJA Women's Button Golf Dress,2024-05-30,108,11664.0
725,LIJA Women's Button Golf Dress,2024-06-19,60,6480.0
725,LIJA Women's Button Golf Dress,2024-08-14,84,9072.0
725,LIJA Women's Button Golf Dress,2024-08-16,108,11664.0
725,LIJA Women's Button Golf Dress,2024-08-29,48,5184.0
725,LIJA Women's Button Golf Dress,2024-09-26,48,5184.0
725,LIJA Women's Button Golf Dress,2024-10-13,120,12960.0
725,LIJA Women's Button Golf Dress,2024-11-03,120,12960.0
725,LIJA Women's Button Golf Dress,2024-11-08,96,10368.0
725,LIJA Women's Button Golf Dress,2024-11-17,60,6480.0
728,LIJA Women's Eyelet Sleeveless Golf Polo,2024-02-21,24,1560.0
728,LIJA Women's Eyelet Sleeveless Golf Polo,2024-05-13,120,7800.0
728,LIJA Women's Eyelet Sleeveless Golf Polo,2024-06-15,60,3900.0
728,LIJA Women's Eyelet Sleeveless Golf Polo,2024-06-20,24,1560.0
728,LIJA Women's Eyelet Sleeveless Golf Polo,2024-07-13,72,4680.0
728,LIJA Women's Eyelet Sleeveless Golf Polo,2024-08-19,12,780.0
728,LIJA Women's Eyelet Sleeveless Golf Polo,2024-08-20,36,2340.0
728,LIJA Women's Eyelet Sleeveless Golf Polo,2024-09-03,12,780.0
728,LIJA Women's Eyelet Sleeveless Golf Polo,2024-09-23,108,7020.0
728,LIJA Women's Eyelet Sleeveless Golf Polo,2024-12-15,36,2340.0
728,LIJA Women's Eyelet Sleeveless Golf Polo,2024-12-19,60,3900.0
730,LIJA Women's Argyle Golf Polo,2024-06-15,60,4800.0
730,LIJA Women's Argyle Golf Polo,2024-07-29,60,4800.0
730,LIJA Women's Argyle Golf Polo,2024-08-01,60,4800.0
730,LIJA Women's Argyle Golf Polo,2024-09-21,96,7680.0
743,Ogio Race Golf Shoes,2024-03-04,108,18358.920594
743,Ogio Race Golf Shoes,2024-04-25,12,2039.880066
743,Ogio Race Golf Shoes,2024-06-07,12,2039.880066
743,Ogio Race Golf Shoes,2024-06-16,48,8159.520264
743,Ogio Race Golf Shoes,2024-06-21,24,4079.760132
743,Ogio Race Golf Shoes,2024-07-27,72,12239.280396
743,Ogio Race Golf Shoes,2024-08-20,24,4079.760132
743,Ogio Race Golf Shoes,2024-08-28,108,18358.920594
743,Ogio Race Golf Shoes,2024-09-11,84,14279.160462
743,Ogio Race Golf Shoes,2024-10-31,96,16319.040528
743,Ogio Race Golf Shoes,2024-11-25,48,8159.520264
768,Titleist Club Glove Travel Cover,2024-01-09,12,3599.8798824000005
768,Titleist Club Glove Travel Cover,2024-03-17,120,35998.798824000005
768,Titleist Club Glove Travel Cover,2024-03-28,96,28799.039059200004
768,Titleist Club Glove Travel Cover,2024-07-04,72,21599.279294400003
768,Titleist Club Glove Travel Cover,2024-09-02,12,3599.8798824000005
768,Titleist Club Glove Travel Cover,2024-10-13,120,35998.798824000005
771,Clicgear Rovic Cooler Bag,2024-01-30,108,4318.92018144
771,Clicgear Rovic Cooler Bag,2024-02-15,36,1439.6400604799999
771,Clicgear Rovic Cooler Bag,2024-04-27,24,959.7600403199999
771,Clicgear Rovic Cooler Bag,2024-06-18,108,4318.92018144
771,Clicgear Rovic Cooler Bag,2024-06-26,72,2879.2801209599997
771,Clicgear Rovic Cooler Bag,2024-07-23,36,1439.6400604799999
771,Clicgear Rovic Cooler Bag,2024-08-29,144,5758.5602419199995
771,Clicgear Rovic Cooler Bag,2024-09-05,60,2399.4001008
771,Clicgear Rovic Cooler Bag,2024-09-11,12,479.88002015999996
771,Clicgear Rovic Cooler Bag,2024-09-16,24,959.7600403199999
771,Clicgear Rovic Cooler Bag,2024-09-22,12,479.88002015999996
771,Clicgear Rovic Cooler Bag,2024-10-13,108,4318.92018144
771,Clicgear Rovic Cooler Bag,2024-11-24,60,2399.4001008
773,Titleist Small Wheeled Travel Cover,2024-02-22,12,2999.8800659999997
773,Titleist Small Wheeled Travel Cover,2024-04-01,48,11999.520263999999
773,Titleist Small Wheeled Travel Cover,2024-05-04,108,26998.920594
773,Titleist Small Wheeled Travel Cover,2024-06-13,24,5999.760131999999
773,Titleist Small Wheeled Travel Cover,2024-06-20,108,26998.920594
773,Titleist Small Wheeled Travel Cover,2024-08-16,60,14999.40033
773,Titleist Small Wheeled Travel Cover,2024-09-17,108,26998.920594
773,Titleist Small Wheeled Travel Cover,2024-10-23,48,11999.520263999999
773,Titleist Small Wheeled Travel Cover,2024-11-22,36,8999.640198
775,Clicgear 8.0 Shoe Brush,2024-06-11,48,479.51998900800004
775,Clicgear 8.0 Shoe Brush,2024-08-23,120,1198.7999725200002
775,Clicgear 8.0 Shoe Brush,2024-09-18,72,719.2799835120001
775,Clicgear 8.0 Shoe Brush,2024-10-13,120,1198.7999725200002
775,Clicgear 8.0 Shoe Brush,2024-11-18,120,1198.7999725200002
775,Clicgear 8.0 Shoe Brush,2024-12-11,96,959.0399780160001
777,Bag Boy M330 Push Cart,2024-02-15,48,3839.51989728
777,Bag Boy M330 Push Cart,2024-11-16,108,8638.91976888
778,Bag Boy Beverage Holder,2024-01-14,96,2399.03997792
778,Bag Boy Beverage Holder,2024-01-18,36,899.63999172
778,Bag Boy Beverage Holder,2024-04-06,96,2399.03997792
778,Bag Boy Beverage Holder,2024-06-04,96,2399.03997792
778,Bag Boy Beverage Holder,2024-07-05,96,2399.03997792
778,Bag Boy Beverage Holder,2024-07-26,36,899.63999172
778,Bag Boy Beverage Holder,2024-07-27,24,599.75999448
778,Bag Boy Beverage Holder,2024-08-03,48,1199.51998896
778,Bag Boy Beverage Holder,2024-08-07,12,299.87999724
778,Bag Boy Beverage Holder,2024-08-15,60,1499.3999862
778,Bag Boy Beverage Holder,2024-08-22,72,1799.27998344
778,Bag Boy Beverage Holder,2024-09-21,120,2998.7999724
778,Bag Boy Beverage Holder,2024-12-05,108,2698.91997516
786,TaylorMade 2014 Purelite Stand Bag,2024-01-15,48,8639.520263999999
786,TaylorMade 2014 Purelite Stand Bag,2024-04-27,96,17279.040527999998
786,TaylorMade 2014 Purelite Stand Bag,2024-06-23,36,6479.640198
786,TaylorMade 2014 Purelite Stand Bag,2024-07-30,120,21598.80066
786,TaylorMade 2014 Purelite Stand Bag,2024-10-16,120,21598.80066
792,Hirzl Men's Hybrid Golf Glove,2024-05-04,60,899.3999862000001
792,Hirzl Men's Hybrid Golf Glove,2024-06-04,24,359.75999448000005
792,Hirzl Men's Hybrid Golf Glove,2024-06-15,96,1439.0399779200002
792,Hirzl Men's Hybrid Golf Glove,2024-08-29,72,1079.27998344
792,Hirzl Men's Hybrid Golf Glove,2024-08-30,84,1259.15998068
792,Hirzl Men's Hybrid Golf Glove,2024-09-06,84,1259.15998068
792,Hirzl Men's Hybrid Golf Glove,2024-09-11,84,1259.15998068
792,Hirzl Men's Hybrid Golf Glove,2024-09-17,24,359.75999448000005
792,Hirzl Men's Hybrid Golf Glove,2024-09-20,48,719.5199889600001
792,Hirzl Men's Hybrid Golf Glove,2024-09-24,108,1618.9199751600001
792,Hirzl Men's Hybrid Golf Glove,2024-10-03,24,359.75999448000005
792,Hirzl Men's Hybrid Golf Glove,2024-10-27,108,1618.9199751600001
793,Hirzl Women's Hybrid Golf Glove,2024-05-28,120,1798.7999724000001
793,Hirzl Women's Hybrid Golf Glove,2024-06-03,36,539.63999172
793,Hirzl Women's Hybrid Golf Glove,2024-09-22,108,1618.9199751600001
797,Hirzl Women's Soffft Flex Golf Glove,2024-02-20,108,1942.9199751600001
797,Hirzl Women's Soffft Flex Golf Glove,2024-03-25,48,863.5199889600001
797,Hirzl Women's Soffft Flex Golf Glove,2024-04-03,60,1079.3999862
797,Hirzl Women's Soffft Flex Golf Glove,2024-05-10,72,1295.27998344
797,Hirzl Women's Soffft Flex Golf Glove,2024-05-17,36,647.63999172
797,Hirzl Women's Soffft Flex Golf Glove,2024-06-21,48,863.5199889600001
797,Hirzl Women's Soffft Flex Golf Glove,2024-07-23,120,2158.7999724
797,Hirzl Women's Soffft Flex Golf Glove,2024-08-25,120,2158.7999724
797,Hirzl Women's Soffft Flex Golf Glove,2024-10-11,36,647.63999172
797,Hirzl Women's Soffft Flex Golf Glove,2024-11-08,60,1079.3999862
797,Hirzl Women's Soffft Flex Golf Glove,2024-12-23,24,431.75999448000005
804,Glove It Women's Imperial Golf Glove,2024-05-07,12,239.87999724000002
804,Glove It Women's Imperial Golf Glove,2024-05-16,24,479.75999448000005
804,Glove It Women's Imperial Golf Glove,2024-06-18,48,959.5199889600001
804,Glove It Women's Imperial Golf Glove,2024-08-17,48,959.5199889600001
804,Glove It Women's Imperial Golf Glove,2024-08-28,48,959.5199889600001
804,Glove It Women's Imperial Golf Glove,2024-09-13,96,1919.0399779200002
804,Glove It Women's Imperial Golf Glove,2024-10-15,12,239.87999724000002
804,Glove It Women's Imperial Golf Glove,2024-10-30,24,479.75999448000005
810,Glove It Women's Mod Oval Golf Glove,2024-02-21,108,2158.91997516
810,Glove It Women's Mod Oval Golf Glove,2024-06-11,48,959.5199889600001
810,Glove It Women's Mod Oval Golf Glove,2024-07-14,72,1439.27998344
810,Glove It Women's Mod Oval Golf Glove,2024-08-07,48,959.5199889600001
810,Glove It Women's Mod Oval Golf Glove,2024-08-28,108,2158.91997516
810,Glove It Women's Mod Oval Golf Glove,2024-08-31,12,239.87999724000002
810,Glove It Women's Mod Oval Golf Glove,2024-09-14,48,959.5199889600001
810,Glove It Women's Mod Oval Golf Glove,2024-10-07,96,1919.0399779200002
810,Glove It Women's Mod Oval Golf Glove,2024-11-13,84,1679.15998068
810,Glove It Women's Mod Oval Golf Glove,2024-12-13,48,959.5199889600001
810,Glove It Women's Mod Oval Golf Glove,2024-12-19,84,1679.15998068
818,Titleist Pro V1x Golf Balls,2024-01-17,60,2879.4001008
818,Titleist Pro V1x Golf Balls,2024-03-15,120,5758.8002016
818,Titleist Pro V1x Golf Balls,2024-04-19,72,3455.2801209599997
818,Titleist Pro V1x Golf Balls,2024-06-18,60,2879.4001008
818,Titleist Pro V1x Golf Balls,2024-09-06,12,575.88002016
818,Titleist Pro V1x Golf Balls,2024-09-22,72,3455.2801209599997
818,Titleist Pro V1x Golf Balls,2024-09-30,108,5182.92018144
818,Titleist Pro V1x Golf Balls,2024-10-05,12,575.88002016
818,Titleist Pro V1x Golf Balls,2024-10-13,120,5758.8002016
818,Titleist Pro V1x Golf Balls,2024-10-24,60,2879.4001008
818,Titleist Pro V1x Golf Balls,2024-10-27,60,2879.4001008
818,Titleist Pro V1x Golf Balls,2024-11-13,24,1151.76004032
821,Titleist Pro V1 High Numbers Personalized Gol,2024-06-18,72,3743.2801209599997
821,Titleist Pro V1 High Numbers Personalized Gol,2024-07-11,72,3743.2801209599997
821,Titleist Pro V1 High Numbers Personalized Gol,2024-07-13,48,2495.52008064
821,Titleist Pro V1 High Numbers Personalized Gol,2024-08-02,84,4367.16014112
821,Titleist Pro V1 High Numbers Personalized Gol,2024-08-18,120,6238.8002016
821,Titleist Pro V1 High Numbers Personalized Gol,2024-08-31,96,4991.04016128
821,Titleist Pro V1 High Numbers Personalized Gol,2024-09-05,48,2495.52008064
821,Titleist Pro V1 High Numbers Personalized Gol,2024-09-23,228,11853.72038304
821,Titleist Pro V1 High Numbers Personalized Gol,2024-09-24,120,6238.8002016
821,Titleist Pro V1 High Numbers Personalized Gol,2024-09-27,72,3743.2801209599997
821,Titleist Pro V1 High Numbers Personalized Gol,2024-10-20,96,4991.04016128
821,Titleist Pro V1 High Numbers Personalized Gol,2024-12-11,120,6238.8002016
822,Titleist Pro V1x High Numbers Golf Balls,2024-02-21,108,5182.92018144
822,Titleist Pro V1x High Numbers Golf Balls,2024-04-29,24,1151.76004032
822,Titleist Pro V1x High Numbers Golf Balls,2024-07-20,12,575.88002016
822,Titleist Pro V1x High Numbers Golf Balls,2024-09-22,96,4607.04016128
822,Titleist Pro V1x High Numbers Golf Balls,2024-12-11,60,2879.4001008
823,Titleist Pro V1x High Numbers Personalized Go,2024-02-05,96,4991.04016128
823,Titleist Pro V1x High Numbers Personalized Go,2024-04-19,108,5614.92018144
823,Titleist Pro V1x High Numbers Personalized Go,2024-06-05,12,623.88002016
823,Titleist Pro V1x High Numbers Personalized Go,2024-08-09,48,2495.52008064
823,Titleist Pro V1x High Numbers Personalized Go,2024-09-07,48,2495.52008064
823,Titleist Pro V1x High Numbers Personalized Go,2024-10-03,12,623.88002016
823,Titleist Pro V1x High Numbers Personalized Go,2024-10-13,72,3743.2801209599997
823,Titleist Pro V1x High Numbers Personalized Go,2024-10-27,84,4367.16014112
825,Bridgestone e6 Straight Distance NFL Tennesse,2024-02-05,120,3838.7999724
825,Bridgestone e6 Straight Distance NFL Tennesse,2024-02-22,84,2687.15998068
825,Bridgestone e6 Straight Distance NFL Tennesse,2024-03-13,108,3454.91997516
825,Bridgestone e6 Straight Distance NFL Tennesse,2024-05-04,24,767.75999448
825,Bridgestone e6 Straight Distance NFL Tennesse,2024-05-07,48,1535.51998896
825,Bridgestone e6 Straight Distance NFL Tennesse,2024-05-14,12,383.87999724
825,Bridgestone e6 Straight Distance NFL Tennesse,2024-06-24,24,767.75999448
825,Bridgestone e6 Straight Distance NFL Tennesse,2024-09-09,84,2687.15998068
825,Bridgestone e6 Straight Distance NFL Tennesse,2024-09-12,48,1535.51998896
825,Bridgestone e6 Straight Distance NFL Tennesse,2024-09-17,108,3454.91997516
825,Bridgestone e6 Straight Distance NFL Tennesse,2024-09-21,12,383.87999724
825,Bridgestone e6 Straight Distance NFL Tennesse,2024-09-24,24,767.75999448
825,Bridgestone e6 Straight Distance NFL Tennesse,2024-11-12,84,2687.15998068
828,Bridgestone e6 Straight Distance NFL San Dieg,2024-02-02,12,383.87999724
828,Bridgestone e6 Straight Distance NFL San Dieg,2024-06-02,108,3454.91997516
828,Bridgestone e6 Straight Distance NFL San Dieg,2024-06-12,24,767.75999448
828,Bridgestone e6 Straight Distance NFL San Dieg,2024-06-21,84,2687.15998068
828,Bridgestone e6 Straight Distance NFL San Dieg,2024-07-02,96,3071.03997792
828,Bridgestone e6 Straight Distance NFL San Dieg,2024-08-14,96,3071.03997792
828,Bridgestone e6 Straight Distance NFL San Dieg,2024-08-29,120,3838.7999724
828,Bridgestone e6 Straight Distance NFL San Dieg,2024-09-17,60,1919.3999862
828,Bridgestone e6 Straight Distance NFL San Dieg,2024-10-07,120,3838.7999724
828,Bridgestone e6 Straight Distance NFL San Dieg,2024-10-31,24,767.75999448
828,Bridgestone e6 Straight Distance NFL San Dieg,2024-11-08,48,1535.51998896
828,Bridgestone e6 Straight Distance NFL San Dieg,2024-11-11,108,3454.91997516
835,Bridgestone e6 Straight Distance NFL Carolina,2024-01-18,108,3454.91997516
835,Bridgestone e6 Straight Distance NFL Carolina,2024-03-06,120,3838.7999724
835,Bridgestone e6 Straight Distance NFL Carolina,2024-03-20,48,1535.51998896
835,Bridgestone e6 Straight Distance NFL Carolina,2024-04-30,48,1535.51998896
835,Bridgestone e6 Straight Distance NFL Carolina,2024-06-04,72,2303.2799834400003
835,Bridgestone e6 Straight Distance NFL Carolina,2024-06-09,36,1151.6399917200001
835,Bridgestone e6 Straight Distance NFL Carolina,2024-06-13,48,1535.51998896
835,Bridgestone e6 Straight Distance NFL Carolina,2024-06-29,36,1151.6399917200001
835,Bridgestone e6 Straight Distance NFL Carolina,2024-07-21,84,2687.15998068
835,Bridgestone e6 Straight Distance NFL Carolina,2024-08-19,120,3838.7999724
835,Bridgestone e6 Straight Distance NFL Carolina,2024-09-13,12,383.87999724
835,Bridgestone e6 Straight Distance NFL Carolina,2024-09-19,96,3071.03997792
835,Bridgestone e6 Straight Distance NFL Carolina,2024-10-05,48,1535.51998896
835,Bridgestone e6 Straight Distance NFL Carolina,2024-10-07,84,2687.1599806800004
835,Bridgestone e6 Straight Distance NFL Carolina,2024-10-27,24,767.75999448
835,Bridgestone e6 Straight Distance NFL Carolina,2024-11-06,12,383.87999724
835,Bridgestone e6 Straight Distance NFL Carolina,2024-11-11,36,1151.6399917200001
835,Bridgestone e6 Straight Distance NFL Carolina,2024-11-17,60,1919.3999862
845,Garmin Approach S4 Golf GPS Watch,2024-02-04,96,28799.039059200004
845,Garmin Approach S4 Golf GPS Watch,2024-06-28,84,25199.159176800003
845,Garmin Approach S4 Golf GPS Watch,2024-07-05,120,35998.798824000005
845,Garmin Approach S4 Golf GPS Watch,2024-07-10,84,25199.159176800003
845,Garmin Approach S4 Golf GPS Watch,2024-07-23,72,21599.279294400003
845,Garmin Approach S4 Golf GPS Watch,2024-09-23,12,3599.8798824000005
845,Garmin Approach S4 Golf GPS Watch,2024-10-10,84,25199.159176800003
858,GolfBuddy VT3 GPS Watch,2024-01-11,24,4799.760131999999
858,GolfBuddy VT3 GPS Watch,2024-02-12,24,4799.760131999999
858,GolfBuddy VT3 GPS Watch,2024-03-28,108,21598.920594
858,GolfBuddy VT3 GPS Watch,2024-07-14,24,4799.760131999999
858,GolfBuddy VT3 GPS Watch,2024-08-24,144,28798.560792
858,GolfBuddy VT3 GPS Watch,2024-08-29,12,2399.8800659999997
858,GolfBuddy VT3 GPS Watch,2024-09-12,96,19199.040527999998
858,GolfBuddy VT3 GPS Watch,2024-09-27,36,7199.640198
858,GolfBuddy VT3 GPS Watch,2024-09-29,120,23998.80066
858,GolfBuddy VT3 GPS Watch,2024-10-01,36,7199.640198
858,GolfBuddy VT3 GPS Watch,2024-11-06,120,23998.80066
858,GolfBuddy VT3 GPS Watch,2024-11-08,108,21598.920594
858,GolfBuddy VT3 GPS Watch,2024-12-26,12,2399.8800659999997
860,Bushnell Pro X7 Jolt Slope Rangefinder,2024-03-28,96,57599.0390592
860,Bushnell Pro X7 Jolt Slope Rangefinder,2024-04-03,36,21599.639647199998
860,Bushnell Pro X7 Jolt Slope Rangefinder,2024-06-02,108,64798.91894159999
860,Bushnell Pro X7 Jolt Slope Rangefinder,2024-07-07,24,14399.7597648
860,Bushnell Pro X7 Jolt Slope Rangefinder,2024-07-11,60,35999.399412
860,Bushnell Pro X7 Jolt Slope Rangefinder,2024-07-26,12,7199.8798824
860,Bushnell Pro X7 Jolt Slope Rangefinder,2024-09-06,60,35999.399412
860,Bushnell Pro X7 Jolt Slope Rangefinder,2024-10-07,108,64798.91894159999
860,Bushnell Pro X7 Jolt Slope Rangefinder,2024-10-10,108,64798.91894159999
860,Bushnell Pro X7 Jolt Slope Rangefinder,2024-12-19,48,28799.5195296
885,Team Golf St. Louis Cardinals Putter Grip,2024-03-02,72,1799.27998344
885,Team Golf St. Louis Cardinals Putter Grip,2024-03-21,72,1799.27998344
885,Team Golf St. Louis Cardinals Putter Grip,2024-07-07,48,1199.51998896
885,Team Golf St. Louis Cardinals Putter Grip,2024-09-07,60,1499.3999862
885,Team Golf St. Louis Cardinals Putter Grip,2024-10-21,84,2099.15998068
885,Team Golf St. Louis Cardinals Putter Grip,2024-11-07,48,1199.51998896
885,Team Golf St. Louis Cardinals Putter Grip,2024-11-08,96,2399.03997792
885,Team Golf St. Louis Cardinals Putter Grip,2024-12-19,48,1199.51998896
886,Team Golf San Francisco Giants Putter Grip,2024-01-14,24,599.75999448
886,Team Golf San Francisco Giants Putter Grip,2024-01-27,60,1499.3999862
886,Team Golf San Francisco Giants Putter Grip,2024-08-12,84,2099.15998068
886,Team Golf San Francisco Giants Putter Grip,2024-09-07,12,299.87999724
886,Team Golf San Francisco Giants Putter Grip,2024-09-09,48,1199.51998896
886,Team Golf San Francisco Giants Putter Grip,2024-10-14,24,599.75999448
886,Team Golf San Francisco Giants Putter Grip,2024-10-17,120,2998.7999724
886,Team Golf San Francisco Giants Putter Grip,2024-12-16,96,2399.03997792
893,Team Golf Pittsburgh Steelers Putter Grip,2024-02-20,36,899.63999172
893,Team Golf Pittsburgh Steelers Putter Grip,2024-04-03,60,1499.3999862
893,Team Golf Pittsburgh Steelers Putter Grip,2024-05-28,60,1499.3999862
893,Team Golf Pittsburgh Steelers Putter Grip,2024-06-02,48,1199.51998896
893,Team Golf Pittsburgh Steelers Putter Grip,2024-08-12,72,1799.27998344
893,Team Golf Pittsburgh Steelers Putter Grip,2024-08-30,24,599.75999448
893,Team Golf Pittsburgh Steelers Putter Grip,2024-09-19,108,2698.91997516
893,Team Golf Pittsburgh Steelers Putter Grip,2024-10-07,96,2399.03997792
897,Team Golf New England Patriots Putter Grip,2024-05-08,60,1499.3999862
897,Team Golf New England Patriots Putter Grip,2024-05-27,96,2399.03997792
897,Team Golf New England Patriots Putter Grip,2024-06-15,60,1499.3999862
897,Team Golf New England Patriots Putter Grip,2024-08-12,120,2998.7999724
897,Team Golf New England Patriots Putter Grip,2024-08-17,72,1799.27998344
897,Team Golf New England Patriots Putter Grip,2024-08-26,72,1799.27998344
897,Team Golf New England Patriots Putter Grip,2024-10-03,36,899.63999172
897,Team Golf New England Patriots Putter Grip,2024-10-31,60,1499.3999862
905,Team Golf Texas Longhorns Putter Grip,2024-01-24,60,1499.3999862
905,Team Golf Texas Longhorns Putter Grip,2024-03-17,24,599.75999448
905,Team Golf Texas Longhorns Putter Grip,2024-03-25,24,599.75999448
905,Team Golf Texas Longhorns Putter Grip,2024-06-12,108,2698.9199751600004
905,Team Golf Texas Longhorns Putter Grip,2024-06-18,24,599.75999448
905,Team Golf Texas Longhorns Putter Grip,2024-09-13,24,599.75999448
905,Team Golf Texas Longhorns Putter Grip,2024-10-08,48,1199.51998896
905,Team Golf Texas Longhorns Putter Grip,2024-11-21,108,2698.91997516
906,Team Golf Tennessee Volunteers Putter Grip,2024-03-20,24,599.75999448
906,Team Golf Tennessee Volunteers Putter Grip,2024-04-01,24,599.75999448
906,Team Golf Tennessee Volunteers Putter Grip,2024-05-03,48,1199.51998896
906,Team Golf Tennessee Volunteers Putter Grip,2024-07-07,12,299.87999724
906,Team Golf Tennessee Volunteers Putter Grip,2024-07-27,48,1199.51998896
906,Team Golf Tennessee Volunteers Putter Grip,2024-08-27,84,2099.15998068
906,Team Golf Tennessee Volunteers Putter Grip,2024-08-30,48,1199.51998896
906,Team Golf Tennessee Volunteers Putter Grip,2024-12-15,120,2998.7999724
917,Glove It Women's Mod Oval 3-Zip Carry All Gol,2024-02-12,72,1583.27998344
917,Glove It Women's Mod Oval 3-Zip Carry All Gol,2024-06-04,84,1847.15998068
917,Glove It Women's Mod Oval 3-Zip Carry All Gol,2024-06-21,60,1319.3999862
917,Glove It Women's Mod Oval 3-Zip Carry All Gol,2024-07-02,36,791.63999172
917,Glove It Women's Mod Oval 3-Zip Carry All Gol,2024-07-04,60,1319.3999862
917,Glove It Women's Mod Oval 3-Zip Carry All Gol,2024-08-07,60,1319.3999862
917,Glove It Women's Mod Oval 3-Zip Carry All Gol,2024-09-12,48,1055.51998896
917,Glove It Women's Mod Oval 3-Zip Carry All Gol,2024-09-20,108,2374.91997516
917,Glove It Women's Mod Oval 3-Zip Carry All Gol,2024-11-11,96,2111.03997792
917,Glove It Women's Mod Oval 3-Zip Carry All Gol,2024-12-09,36,791.63999172
924,Glove It Urban Brick Golf Towel,2024-03-29,24,383.75999448000005
924,Glove It Urban Brick Golf Towel,2024-06-12,36,575.63999172
924,Glove It Urban Brick Golf Towel,2024-06-16,12,191.87999724000002
924,Glove It Urban Brick Golf Towel,2024-06-24,72,1151.27998344
924,Glove It Urban Brick Golf Towel,2024-07-12,84,1343.15998068
924,Glove It Urban Brick Golf Towel,2024-07-22,108,1726.9199751600001
924,Glove It Urban Brick Golf Towel,2024-07-29,48,767.5199889600001
924,Glove It Urban Brick Golf Towel,2024-08-14,108,1726.9199751600001
924,Glove It Urban Brick Golf Towel,2024-08-20,72,1151.27998344
924,Glove It Urban Brick Golf Towel,2024-11-06,132,2110.6799696400003
924,Glove It Urban Brick Golf Towel,2024-12-11,108,1726.9199751600001
926,Glove It Imperial Golf Towel,2024-03-21,24,383.75999448000005
926,Glove It Imperial Golf Towel,2024-06-02,48,767.5199889600001
926,Glove It Imperial Golf Towel,2024-06-11,60,959.3999862000001
926,Glove It Imperial Golf Towel,2024-06-19,60,959.3999862000001
926,Glove It Imperial Golf Towel,2024-07-18,108,1726.9199751600001
926,Glove It Imperial Golf Towel,2024-08-02,72,1151.27998344
926,Glove It Imperial Golf Towel,2024-08-14,24,383.75999448000005
926,Glove It Imperial Golf Towel,2024-09-16,48,767.5199889600001
926,Glove It Imperial Golf Towel,2024-09-20,60,959.3999862000001
926,Glove It Imperial Golf Towel,2024-10-04,108,1726.9199751600001
926,Glove It Imperial Golf Towel,2024-11-07,36,575.63999172
957,Diamondback Women's Serene Classic Comfort Bi,2024-06-02,12,3599.760132
957,Diamondback Women's Serene Classic Comfort Bi,2024-06-11,96,28798.081056
957,Diamondback Women's Serene Classic Comfort Bi,2024-06-15,12,3599.760132
957,Diamondback Women's Serene Classic Comfort Bi,2024-06-28,12,3599.760132
957,Diamondback Women's Serene Classic Comfort Bi,2024-07-07,12,3599.760132
957,Diamondback Women's Serene Classic Comfort Bi,2024-07-28,12,3599.760132
957,Diamondback Women's Serene Classic Comfort Bi,2024-08-02,48,14399.040528
957,Diamondback Women's Serene Classic Comfort Bi,2024-08-13,96,28798.081056
957,Diamondback Women's Serene Classic Comfort Bi,2024-08-14,12,3599.760132
957,Diamondback Women's Serene Classic Comfort Bi,2024-08-15,12,3599.760132
957,Diamondback Women's Serene Classic Comfort Bi,2024-08-20,12,3599.760132
957,Diamondback Women's Serene Classic Comfort Bi,2024-08-30,12,3599.760132
957,Diamondback Women's Serene Classic Comfort Bi,2024-09-05,12,3599.760132
957,Diamondback Women's Serene Classic Comfort Bi,2024-09-10,36,10799.280396
957,Diamondback Women's Serene Classic Comfort Bi,2024-09-12,108,32397.841188
957,Diamondback Women's Serene Classic Comfort Bi,2024-09-14,24,7199.520264
957,Diamondback Women's Serene Classic Comfort Bi,2024-09-17,12,3599.760132
957,Diamondback Women's Serene Classic Comfort Bi,2024-09-18,12,3599.760132
957,Diamondback Women's Serene Classic Comfort Bi,2024-09-20,12,3599.760132
957,Diamondback Women's Serene Classic Comfort Bi,2024-09-23,12,3599.760132
957,Diamondback Women's Serene Classic Comfort Bi,2024-09-25,12,3599.760132
957,Diamondback Women's Serene Classic Comfort Bi,2024-09-29,12,3599.760132
957,Diamondback Women's Serene Classic Comfort Bi,2024-09-30,12,3599.760132
957,Diamondback Women's Serene Classic Comfort Bi,2024-10-01,12,3599.760132
957,Diamondback Women's Serene Classic Comfort Bi,2024-10-02,108,32397.841188
957,Diamondback Women's Serene Classic Comfort Bi,2024-10-03,12,3599.760132
957,Diamondback Women's Serene Classic Comfort Bi,2024-10-07,12,3599.760132
957,Diamondback Women's Serene Classic Comfort Bi,2024-10-13,12,3599.760132
957,Diamondback Women's Serene Classic Comfort Bi,2024-10-20,72,21598.560792
957,Diamondback Women's Serene Classic Comfort Bi,2024-12-13,24,7199.520264
957,Diamondback Women's Serene Classic Comfort Bi,2024-12-20,36,10799.280396
977,ENO Atlas Hammock Straps,2024-06-21,24,719.75999448
977,ENO Atlas Hammock Straps,2024-08-08,120,3598.7999724
977,ENO Atlas Hammock Straps,2024-08-11,48,1439.51998896
977,ENO Atlas Hammock Straps,2024-09-22,84,2519.15998068
977,ENO Atlas Hammock Straps,2024-10-09,108,3238.91997516
977,ENO Atlas Hammock Straps,2024-11-02,60,1799.3999862
977,ENO Atlas Hammock Straps,2024-12-23,132,3958.6799696400003
981,The North Face Women's Recon Backpack,2024-01-27,60,5940.0
981,The North Face Women's Recon Backpack,2024-06-20,72,7128.0
981,The North Face Women's Recon Backpack,2024-06-22,12,1188.0
981,The North Face Women's Recon Backpack,2024-07-06,72,7128.0
981,The North Face Women's Recon Backpack,2024-07-13,60,5940.0
981,The North Face Women's Recon Backpack,2024-08-14,60,5940.0
981,The North Face Women's Recon Backpack,2024-08-19,84,8316.0
981,The North Face Women's Recon Backpack,2024-09-13,96,9504.0
981,The North Face Women's Recon Backpack,2024-11-06,60,5940.0
981,The North Face Women's Recon Backpack,2024-11-18,12,1188.0
982,insta-bed Neverflat Air Mattress,2024-01-11,24,3599.760132
982,insta-bed Neverflat Air Mattress,2024-09-17,108,16198.920594
982,insta-bed Neverflat Air Mattress,2024-10-03,36,5399.640198
982,insta-bed Neverflat Air Mattress,2024-11-20,84,12599.160462
1004,Field & Stream Sportsman 16 Gun Fire Safe,2024-04-01,108,43197.841188
1004,Field & Stream Sportsman 16 Gun Fire Safe,2024-04-25,60,23998.80066
1004,Field & Stream Sportsman 16 Gun Fire Safe,2024-06-04,12,4799.760131999999
1004,Field & Stream Sportsman 16 Gun Fire Safe,2024-06-09,12,4799.760131999999
1004,Field & Stream Sportsman 16 Gun Fire Safe,2024-06-11,24,9599.520263999999
1004,Field & Stream Sportsman 16 Gun Fire Safe,2024-06-12,12,4799.760131999999
1004,Field & Stream Sportsman 16 Gun Fire Safe,2024-06-14,12,4799.760131999999
1004,Field & Stream Sportsman 16 Gun Fire Safe,2024-06-15,12,4799.760131999999
1004,Field & Stream Sportsman 16 Gun Fire Safe,2024-06-18,12,4799.760131999999
1004,Field & Stream Sportsman 16 Gun Fire Safe,2024-06-29,12,4799.760131999999
1004,Field & Stream Sportsman 16 Gun Fire Safe,2024-07-07,120,47997.60132
1004,Field & Stream Sportsman 16 Gun Fire Safe,2024-07-14,12,4799.760131999999
1004,Field & Stream Sportsman 16 Gun Fire Safe,2024-07-27,12,4799.760131999999
1004,Field & Stream Sportsman 16 Gun Fire Safe,2024-07-31,36,14399.280396
1004,Field & Stream Sportsman 16 Gun Fire Safe,2024-08-02,12,4799.760131999999
1004,Field & Stream Sportsman 16 Gun Fire Safe,2024-08-04,12,4799.760131999999
1004,Field & Stream Sportsman 16 Gun Fire Safe,2024-08-07,36,14399.280395999998
1004,Field & Stream Sportsman 16 Gun Fire Safe,2024-08-15,12,4799.760131999999
1004,Field & Stream Sportsman 16 Gun Fire Safe,2024-08-16,12,4799.760131999999
1004,Field & Stream Sportsman 16 Gun Fire Safe,2024-08-17,12,4799.760131999999
1004,Field & Stream Sportsman 16 Gun Fire Safe,2024-08-18,12,4799.760131999999
1004,Field & Stream Sportsman 16 Gun Fire Safe,2024-08-20,12,4799.760131999999
1004,Field & Stream Sportsman 16 Gun Fire Safe,2024-09-05,24,9599.520263999999
1004,Field & Stream Sportsman 16 Gun Fire Safe,2024-09-06,12,4799.760131999999
1004,Field & Stream Sportsman 16 Gun Fire Safe,2024-09-17,12,4799.760131999999
1004,Field & Stream Sportsman 16 Gun Fire Safe,2024-09-18,12,4799.760131999999
1004,Field & Stream Sportsman 16 Gun Fire Safe,2024-09-19,12,4799.760131999999
1004,Field & Stream Sportsman 16 Gun Fire Safe,2024-09-20,12,4799.760131999999
1004,Field & Stream Sportsman 16 Gun Fire Safe,2024-09-26,12,4799.760131999999
1004,Field & Stream Sportsman 16 Gun Fire Safe,2024-10-04,12,4799.760131999999
1004,Field & Stream Sportsman 16 Gun Fire Safe,2024-10-07,204,81595.92224399999
1004,Field & Stream Sportsman 16 Gun Fire Safe,2024-10-08,12,4799.760131999999
1004,Field & Stream Sportsman 16 Gun Fire Safe,2024-10-13,24,9599.520263999999
1004,Field & Stream Sportsman 16 Gun Fire Safe,2024-10-14,24,9599.520263999999
1004,Field & Stream Sportsman 16 Gun Fire Safe,2024-10-15,12,4799.760131999999
1004,Field & Stream Sportsman 16 Gun Fire Safe,2024-10-18,12,4799.760131999999
1004,Field & Stream Sportsman 16 Gun Fire Safe,2024-10-20,12,4799.760131999999
1004,Field & Stream Sportsman 16 Gun Fire Safe,2024-10-23,24,9599.520263999999
1004,Field & Stream Sportsman 16 Gun Fire Safe,2024-11-02,120,47997.60132
1004,Field & Stream Sportsman 16 Gun Fire Safe,2024-11-16,36,14399.280396
1014,O'Brien Men's Neoprene Life Vest,2024-03-28,48,2399.03997792
1014,O'Brien Men's Neoprene Life Vest,2024-04-03,12,599.75999448
1014,O'Brien Men's Neoprene Life Vest,2024-06-04,72,3598.55996688
1014,O'Brien Men's Neoprene Life Vest,2024-07-13,24,1199.51998896
1014,O'Brien Men's Neoprene Life Vest,2024-09-03,72,3598.55996688
1014,O'Brien Men's Neoprene Life Vest,2024-12-08,24,1199.51998896
1059,Pelican Maverick 100X Kayak,2024-03-10,120,41998.798824000005
1059,Pelican Maverick 100X Kayak,2024-03-25,72,25199.279294400003
1059,Pelican Maverick 100X Kayak,2024-06-01,48,16799.519529600002
1059,Pelican Maverick 100X Kayak,2024-06-02,108,37798.9189416
1059,Pelican Maverick 100X Kayak,2024-06-24,24,8399.759764800001
1059,Pelican Maverick 100X Kayak,2024-07-28,96,33599.039059200004
1059,Pelican Maverick 100X Kayak,2024-08-12,48,16799.519529600002
1059,Pelican Maverick 100X Kayak,2024-08-14,192,67198.07811840001
1059,Pelican Maverick 100X Kayak,2024-08-26,84,29399.159176800003
1059,Pelican Maverick 100X Kayak,2024-08-31,12,4199.8798824000005
1059,Pelican Maverick 100X Kayak,2024-09-17,84,29399.159176800003
1059,Pelican Maverick 100X Kayak,2024-10-09,24,8399.759764800001
1073,Pelican Sunstream 100 Kayak,2024-01-30,120,23998.80066
1073,Pelican Sunstream 100 Kayak,2024-03-17,48,9599.520263999999
1073,Pelican Sunstream 100 Kayak,2024-06-24,120,23998.80066
1073,Pelican Sunstream 100 Kayak,2024-06-30,120,23998.80066
1073,Pelican Sunstream 100 Kayak,2024-08-18,24,4799.760131999999
1073,Pelican Sunstream 100 Kayak,2024-09-12,12,2399.8800659999997
1073,Pelican Sunstream 100 Kayak,2024-09-13,120,23998.80066
1073,Pelican Sunstream 100 Kayak,2024-10-17,72,14399.280396
1073,Pelican Sunstream 100 Kayak,2024-12-07,36,7199.640198
1073,Pelican Sunstream 100 Kayak,2024-12-14,48,9599.520263999999
1346,Sports Books ,2024-02-28,36,1118.8799971199999
1346,Sports Books ,2024-06-15,12,372.95999903999996
1346,Sports Books ,2024-08-01,120,3729.5999904
1346,Sports Books ,2024-09-17,120,3729.5999904
1346,Sports Books ,2024-09-29,24,745.9199980799999
1346,Sports Books ,2024-10-08,36,1118.8799971199999
1346,Sports Books ,2024-11-22,72,2237.7599942399997
1347,Baby sweater,2024-01-24,120,7089.6002196
1347,Baby sweater,2024-06-04,120,7089.6002196
1347,Baby sweater,2024-08-29,96,5671.68017568
1347,Baby sweater,2024-11-16,108,6380.64019764
1347,Baby sweater,2024-11-18,72,4253.76013176
1348,CDs of rock,2024-06-08,12,135.47999951999998
1348,CDs of rock,2024-06-19,84,948.35999664
1348,CDs of rock,2024-06-23,84,948.35999664
1348,CDs of rock,2024-08-02,96,1083.8399961599998
1348,CDs of rock,2024-08-10,120,1354.7999952
1348,CDs of rock,2024-11-06,72,812.87999712
1348,CDs of rock,2024-11-17,36,406.43999856
1348,CDs of rock,2024-11-24,12,135.47999951999998
1348,CDs of rock,2024-12-25,96,1083.8399961599998
1349,Web Camera,2024-02-02,96,43395.840815999996
1349,Web Camera,2024-03-10,120,54244.80102
1349,Web Camera,2024-03-22,108,48820.320918
1349,Web Camera,2024-07-02,36,16273.440306
1349,Web Camera,2024-07-07,36,16273.440306
1349,Web Camera,2024-08-04,84,37971.360714
1349,Web Camera,2024-08-06,108,48820.320918
1349,Web Camera,2024-09-05,12,5424.4801019999995
1349,Web Camera,2024-09-23,108,48820.320918
1349,Web Camera,2024-10-04,12,5424.4801019999995
1350,Children's heaters,2024-06-23,24,8570.4001464
1350,Children's heaters,2024-07-03,120,42852.000732
1350,Children's heaters,2024-08-19,24,8570.4001464
1350,Children's heaters,2024-10-22,48,17140.8002928
1350,Children's heaters,2024-12-13,96,34281.6005856
1351,Dell Laptop,2024-06-04,144,216000.0
1351,Dell Laptop,2024-06-15,12,18000.0
1351,Dell Laptop,2024-07-17,120,180000.0
1351,Dell Laptop,2024-09-25,12,18000.0
1351,Dell Laptop,2024-09-30,72,108000.0
1351,Dell Laptop,2024-10-03,84,126000.0
1351,Dell Laptop,2024-12-16,72,108000.0
1351,Dell Laptop,2024-12-19,36,54000.0
1352,Industrial consumer electronics,2024-01-21,96,24276.480470399998
1352,Industrial consumer electronics,2024-03-06,108,27311.0405292
1352,Industrial consumer electronics,2024-05-30,36,9103.6801764
1352,Industrial consumer electronics,2024-06-26,24,6069.1201175999995
1352,Industrial consumer electronics,2024-08-20,96,24276.480470399998
1352,Industrial consumer electronics,2024-09-07,72,18207.3603528
1352,Industrial consumer electronics,2024-10-10,36,9103.6801764
1353,Porcelain crafts,2024-06-18,120,55377.60132
1353,Porcelain crafts,2024-06-27,24,11075.520263999999
1353,Porcelain crafts,2024-08-06,60,27688.80066
1353,Porcelain crafts,2024-08-14,36,16613.280396
1353,Porcelain crafts,2024-08-29,96,44302.081055999995
1353,Porcelain crafts,2024-09-20,84,38764.320924
1353,Porcelain crafts,2024-09-23,60,27688.80066
1353,Porcelain crafts,2024-10-13,84,38764.320924
1353,Porcelain crafts,2024-12-25,60,27688.80066
1354,DVDs ,2024-05-04,84,13807.920411599998
1354,DVDs ,2024-08-15,72,11835.360352799999
1354,DVDs ,2024-09-18,72,11835.360352799999
1354,DVDs ,2024-10-04,120,19725.600587999998
1354,DVDs ,2024-10-15,48,7890.240235199999
1354,DVDs ,2024-11-17,84,13807.920411599998
1354,DVDs ,2024-12-01,12,1972.5600587999998
1355,Lawn mower,2024-01-09,84,44736.721436399996
1355,Lawn mower,2024-07-18,36,19172.8806156
1355,Lawn mower,2024-12-11,36,19172.8806156
1355,Lawn mower,2024-12-25,72,38345.7612312
1356,First aid kit,2024-05-06,60,17582.40051
1356,First aid kit,2024-05-08,108,31648.320918
1356,First aid kit,2024-06-07,72,21098.880612
1356,First aid kit,2024-07-02,108,31648.320918
1356,First aid kit,2024-07-14,72,21098.880612
1356,First aid kit,2024-08-15,36,10549.440306
1356,First aid kit,2024-09-07,36,10549.440306
1356,First aid kit,2024-10-14,24,7032.960204
1356,First aid kit,2024-11-13,120,35164.80102
1356,First aid kit,2024-11-16,72,21098.880612
1356,First aid kit,2024-11-28,120,35164.80102
1356,First aid kit,2024-12-20,24,7032.960204
1357,Men's gala suit,2024-06-16,24,5060.4001464
1357,Men's gala suit,2024-07-22,24,5060.4001464
1357,Men's gala suit,2024-08-06,36,7590.6002196
1357,Men's gala suit,2024-08-15,12,2530.2000732
1357,Men's gala suit,2024-10-07,24,5060.4001464
1357,Men's gala suit,2024-10-25,60,12651.000366
1357,Men's gala suit,2024-11-25,96,20241.6005856
1357,Men's gala suit,2024-12-12,108,22771.8006588
1358,Rock music,2024-02-22,120,31277.999268000003
1358,Rock music,2024-02-28,36,9383.399780400001
1358,Rock music,2024-05-17,84,21894.599487600004
1358,Rock music,2024-05-30,72,18766.799560800002
1358,Rock music,2024-06-08,72,18766.799560800002
1358,Rock music,2024-06-11,108,28150.1993412
1358,Rock music,2024-07-12,24,6255.599853600001
1358,Rock music,2024-08-18,72,18766.799560800002
1358,Rock music,2024-08-28,96,25022.399414400003
1358,Rock music,2024-09-16,60,15638.999634000002
1358,Rock music,2024-09-21,108,28150.1993412
1358,Rock music,2024-10-05,84,21894.599487600004
1358,Rock music,2024-10-23,12,3127.7999268000003
1359,Adult dog supplies,2024-02-04,36,3038.40005508
1359,Adult dog supplies,2024-05-28,108,9115.20016524
1359,Adult dog supplies,2024-08-24,48,4051.20007344
1359,Adult dog supplies,2024-09-24,12,1012.80001836
1359,Adult dog supplies,2024-09-29,48,4051.20007344
1359,Adult dog supplies,2024-10-17,120,10128.0001836
1359,Adult dog supplies,2024-10-18,120,10128.0001836
1359,Adult dog supplies,2024-11-06,96,8102.40014688
1359,Adult dog supplies,2024-12-25,24,2025.60003672
1360,Smart watch ,2024-06-08,96,31464.0
1360,Smart watch ,2024-06-15,48,15732.0
1360,Smart watch ,2024-06-24,36,11799.0
1360,Smart watch ,2024-06-28,72,23598.0
1360,Smart watch ,2024-06-29,108,35397.0
1360,Smart watch ,2024-07-27,36,11799.0
1360,Smart watch ,2024-08-10,108,35397.0
1360,Smart watch ,2024-10-09,108,35397.0
1360,Smart watch ,2024-10-22,24,7866.0
1360,Smart watch ,2024-11-07,120,39330.0
1360,Smart watch ,2024-11-13,120,39330.0
1360,Smart watch ,2024-11-22,60,19665.0
1360,Smart watch ,2024-12-18,72,23598.0
1360,Smart watch ,2026-09-15,5,1638.75
1360,Smart watch ,2026-10-10,1,327.75
1361,Toys ,2024-05-04,72,830.87999712
1361,Toys ,2024-06-16,48,553.9199980799999
1361,Toys ,2024-06-26,60,692.3999976
1361,Toys ,2024-06-29,120,1384.7999952
1361,Toys ,2024-08-14,84,969.35999664
1361,Toys ,2024-08-22,60,692.3999976
1361,Toys ,2024-09-06,12,138.47999951999998
1361,Toys ,2024-09-12,96,1107.8399961599998
1361,Toys ,2024-10-14,36,415.43999856
1361,Toys ,2024-10-15,48,553.9199980799999
1361,Toys ,2024-11-17,72,830.87999712
1362,Fighting video games,2024-04-26,108,4293.0
1362,Fighting video games,2024-05-13,120,4770.0
1362,Fighting video games,2024-07-17,84,3339.0
1362,Fighting video games,2024-08-20,108,4293.0
1362,Fighting video games,2024-10-04,24,954.0
1362,Fighting video games,2024-10-14,96,3816.0
1362,Fighting video games,2024-11-29,108,4293.0
1363,Summer dresses,2024-05-04,24,5179.680175199999
1363,Summer dresses,2024-05-07,24,5179.680175199999
1363,Summer dresses,2024-07-02,108,23308.5607884
1363,Summer dresses,2024-09-08,108,23308.5607884
1363,Summer dresses,2024-09-16,120,25898.400876
1363,Summer dresses,2024-09-18,84,18128.8806132
1363,Summer dresses,2024-09-23,60,12949.200438
1363,Summer dresses,2024-10-01,12,2589.8400875999996
